Timestamp,Wind_Speed,Wind_Direction,U_Vector,V_Vector,W_Vector,Temperature,Relative_Humidity,Pressure,Compass_Heading,Pitch,Roll
2026-03-16 09:13:54,00.05,133,-00.02,00.02,00.03,24.07,36.00,1004.42,179.6,-179.6,204
2026-03-16 09:13:54,00.05,103,-00.04,00.01,00.03,24.03,35.99,1004.45,179.6,-179.6,193
2026-03-16 09:13:54,00.05,102,-00.03,00.01,00.04,24.03,35.99,1004.42,179.6,-179.7,191
2026-03-16 09:13:54,00.05,092,-00.02,00.00,00.04,24.01,36.02,1004.43,179.6,-179.6,201
2026-03-16 09:13:55,00.05,124,-00.02,00.01,00.05,24.00,35.96,1004.40,179.6,-179.6,192
2026-03-16 09:13:55,00.06,135,-00.02,00.02,00.05,23.98,36.05,1004.41,179.6,-179.6,197
2026-03-16 09:13:55,00.05,108,-00.01,00.00,00.05,23.95,35.97,1004.43,179.6,-179.6,189
2026-03-16 09:13:55,00.04,318,00.01,-00.02,00.03,23.96,35.96,1004.40,179.6,-179.6,202
2026-03-16 09:13:55,00.05,345,00.01,-00.03,00.04,23.93,35.95,1004.42,179.6,-179.6,193
2026-03-16 09:13:56,00.04,325,00.01,-00.01,00.04,23.91,35.96,1004.42,179.6,-179.6,199
2026-03-16 09:13:56,00.06,270,00.01,00.00,00.05,23.92,36.03,1004.41,179.6,-179.6,199
2026-03-16 09:13:56,00.05,257,00.01,00.00,00.05,23.96,36.01,1004.43,179.6,-179.6,199
2026-03-16 09:13:56,00.05,318,00.00,-00.01,00.05,23.94,35.98,1004.42,179.6,-179.6,189
2026-03-16 09:13:56,00.03,232,00.01,00.01,00.02,23.93,35.98,1004.40,179.6,-179.6,195
2026-03-16 09:13:57,00.05,243,00.02,00.01,00.04,23.99,35.99,1004.41,179.6,-179.6,217
2026-03-16 09:13:57,00.06,215,00.01,00.02,00.06,24.00,35.99,1004.44,179.6,-179.7,209
2026-03-16 09:13:57,00.06,237,00.02,00.01,00.06,23.99,35.98,1004.44,179.6,-179.6,207
2026-03-16 09:13:57,00.06,282,00.04,-00.01,00.05,23.95,35.97,1004.43,179.6,-179.6,196
2026-03-16 09:13:57,00.06,319,00.03,-00.04,00.02,23.93,35.96,1004.44,179.6,-179.6,200
2026-03-16 09:13:58,00.07,290,00.06,-00.02,00.02,24.03,35.99,1004.41,179.6,-179.6,189
2026-03-16 09:13:58,00.05,260,00.04,00.01,00.03,24.11,36.01,1004.40,179.6,-179.6,201
2026-03-16 09:13:58,00.05,302,00.02,-00.01,00.04,24.09,35.99,1004.37,179.6,-179.7,188
2026-03-16 09:13:58,00.07,265,00.06,00.00,00.03,24.27,36.00,1004.41,179.6,-179.6,192
2026-03-16 09:13:58,00.07,246,00.06,00.03,00.04,24.54,35.98,1004.43,179.6,-179.6,199
2026-03-16 09:13:59,00.07,244,00.05,00.03,00.03,24.53,36.01,1004.42,179.6,-179.6,182
2026-03-16 09:13:59,00.07,238,00.05,00.03,00.04,24.43,35.98,1004.43,179.6,-179.6,203
2026-03-16 09:13:59,00.06,231,00.04,00.03,00.03,24.24,35.99,1004.40,179.6,-179.6,201
2026-03-16 09:13:59,00.05,208,00.01,00.03,00.03,24.15,35.98,1004.42,179.6,-179.6,201
2026-03-16 09:13:59,00.04,302,00.01,-00.01,00.04,24.16,35.97,1004.44,179.6,-179.6,198
2026-03-16 09:14:00,00.04,267,00.01,00.00,00.04,24.16,36.00,1004.40,179.6,-179.6,200
2026-03-16 09:14:00,00.05,293,00.03,-00.01,00.03,24.06,35.96,1004.41,179.6,-179.6,188
2026-03-16 09:14:00,00.04,266,00.03,00.00,00.02,24.03,35.96,1004.40,179.6,-179.6,196
2026-03-16 09:14:00,00.04,239,00.03,00.02,00.02,24.08,36.00,1004.39,179.6,-179.6,191
2026-03-16 09:14:00,00.04,266,00.04,00.00,00.02,24.12,35.98,1004.44,179.6,-179.6,195
2026-03-16 09:14:01,00.08,243,00.07,00.03,00.03,24.06,36.01,1004.42,179.6,-179.6,200
2026-03-16 09:14:01,00.07,264,00.06,00.01,00.03,24.01,35.96,1004.39,179.6,-179.6,198
2026-03-16 09:14:01,00.08,266,00.07,00.00,00.03,23.89,35.97,1004.45,179.6,-179.6,199
2026-03-16 09:14:01,00.08,259,00.07,00.01,00.04,23.89,35.98,1004.39,179.6,-179.6,197
2026-03-16 09:14:01,00.07,274,00.05,-00.00,00.04,24.01,35.98,1004.42,179.6,-179.6,211
2026-03-16 09:14:02,00.05,287,00.03,-00.01,00.04,24.06,35.98,1004.43,179.6,-179.6,204
2026-03-16 09:14:02,00.06,264,00.06,00.01,00.03,24.11,35.98,1004.42,179.6,-179.7,198
2026-03-16 09:14:02,00.06,244,00.05,00.02,00.02,24.09,35.95,1004.41,179.6,-179.6,196
2026-03-16 09:14:02,00.07,241,00.05,00.03,00.04,24.04,35.98,1004.40,179.6,-179.6,195
2026-03-16 09:14:02,00.08,259,00.06,00.01,00.05,23.99,36.00,1004.45,179.6,-179.6,201
2026-03-16 09:14:03,00.07,274,00.06,-00.00,00.03,23.96,35.96,1004.43,179.6,-179.6,196
2026-03-16 09:14:03,00.06,284,00.05,-00.01,00.03,23.95,35.97,1004.39,179.6,-179.6,201
2026-03-16 09:14:03,00.08,296,00.06,-00.03,00.03,23.84,36.00,1004.44,179.6,-179.6,201
2026-03-16 09:14:03,00.10,302,00.07,-00.05,00.04,23.72,35.96,1004.44,179.6,-179.6,207
2026-03-16 09:14:03,00.09,297,00.07,-00.04,00.04,23.78,35.96,1004.41,179.6,-179.6,193
2026-03-16 09:14:04,00.07,300,00.06,-00.03,00.04,23.95,36.02,1004.40,179.6,-179.6,184
2026-03-16 09:14:04,00.09,309,00.06,-00.04,00.05,24.01,35.97,1004.41,179.6,-179.6,204
2026-03-16 09:14:04,00.08,320,00.04,-00.05,00.05,23.97,35.98,1004.41,179.6,-179.6,192
2026-03-16 09:14:04,00.09,314,00.05,-00.05,00.05,23.84,35.96,1004.41,179.6,-179.6,199
2026-03-16 09:14:04,00.09,318,00.05,-00.06,00.04,23.79,36.04,1004.43,179.6,-179.6,184
2026-03-16 09:14:05,00.08,326,00.03,-00.05,00.05,23.92,35.97,1004.42,179.6,-179.6,205
2026-03-16 09:14:05,00.08,338,00.02,-00.05,00.06,24.02,35.97,1004.44,179.6,-179.6,193
2026-03-16 09:14:05,00.08,350,00.01,-00.06,00.05,24.00,36.00,1004.42,179.6,-179.6,184
2026-03-16 09:14:05,00.08,328,00.04,-00.06,00.03,23.92,35.98,1004.42,179.6,-179.6,208
2026-03-16 09:14:05,00.07,333,00.03,-00.05,00.05,23.80,36.03,1004.42,179.6,-179.6,212
2026-03-16 09:14:06,00.08,308,00.06,-00.05,00.03,23.83,36.01,1004.41,179.6,-179.6,206
2026-03-16 09:14:06,00.08,297,00.07,-00.03,00.04,23.91,35.97,1004.42,179.6,-179.6,213
2026-03-16 09:14:06,00.08,310,00.05,-00.04,00.04,23.94,35.98,1004.41,179.6,-179.6,205
2026-03-16 09:14:06,00.07,300,00.05,-00.03,00.03,24.02,35.98,1004.40,179.6,-179.6,201
2026-03-16 09:14:06,00.06,288,00.05,-00.02,00.03,24.07,35.96,1004.41,179.6,-179.6,200
2026-03-16 09:14:07,00.07,287,00.05,-00.02,00.03,23.87,35.97,1004.42,179.6,-179.6,196
2026-03-16 09:14:07,00.05,310,00.04,-00.03,00.02,23.72,36.02,1004.40,179.6,-179.6,199
2026-03-16 09:14:07,00.06,333,00.02,-00.05,00.03,23.73,35.97,1004.39,179.6,-179.6,203
2026-03-16 09:14:07,00.09,334,00.04,-00.08,00.02,23.84,35.99,1004.41,179.6,-179.6,200
2026-03-16 09:14:07,00.08,328,00.03,-00.05,00.04,23.74,35.98,1004.39,179.6,-179.6,197
2026-03-16 09:14:08,00.09,334,00.03,-00.07,00.04,23.64,35.96,1004.41,179.6,-179.6,200
2026-03-16 09:14:08,00.07,322,00.04,-00.05,00.03,23.81,35.99,1004.41,179.6,-179.6,201
2026-03-16 09:14:08,00.05,276,00.04,-00.00,00.02,24.00,35.99,1004.41,179.6,-179.6,199
2026-03-16 09:14:08,00.06,305,00.04,-00.03,00.04,23.96,36.01,1004.43,179.6,-179.6,204
2026-03-16 09:14:08,00.06,319,00.03,-00.04,00.04,23.85,36.01,1004.39,179.6,-179.6,199
2026-03-16 09:14:09,00.07,303,00.05,-00.03,00.04,23.74,36.03,1004.45,179.6,-179.6,191
2026-03-16 09:14:09,00.07,312,00.04,-00.04,00.03,23.75,36.00,1004.41,179.6,-179.6,186
2026-03-16 09:14:09,00.07,283,00.07,-00.02,00.02,23.83,35.96,1004.44,179.6,-179.6,191
2026-03-16 09:14:09,00.06,299,00.05,-00.03,00.01,23.84,35.96,1004.39,179.6,-179.6,212
2026-03-16 09:14:09,00.07,324,00.04,-00.05,00.03,23.81,36.02,1004.41,179.6,-179.6,196
2026-03-16 09:14:10,00.07,328,00.03,-00.05,00.04,23.86,35.96,1004.40,179.6,-179.6,193
2026-03-16 09:14:10,00.08,333,00.03,-00.06,00.04,23.86,35.97,1004.41,179.6,-179.6,186
2026-03-16 09:14:10,00.08,323,00.04,-00.05,00.04,23.90,36.00,1004.40,179.6,-179.6,200
2026-03-16 09:14:10,00.08,337,00.02,-00.05,00.06,23.97,35.98,1004.39,179.6,-179.7,201
2026-03-16 09:14:10,00.07,334,00.02,-00.05,00.04,23.90,35.98,1004.45,179.6,-179.6,211
2026-03-16 09:14:11,00.08,320,00.04,-00.04,00.05,23.83,35.98,1004.42,179.6,-179.6,195
2026-03-16 09:14:11,00.08,305,00.06,-00.04,00.05,23.72,35.99,1004.41,179.6,-179.6,204
2026-03-16 09:14:11,00.09,297,00.06,-00.03,00.05,23.68,35.96,1004.40,179.6,-179.6,200
2026-03-16 09:14:11,00.07,309,00.04,-00.03,00.05,23.79,36.00,1004.42,179.6,-179.6,195
2026-03-16 09:14:11,00.07,315,00.04,-00.04,00.03,23.79,35.93,1004.39,179.6,-179.6,208
2026-03-16 09:14:12,00.08,296,00.06,-00.03,00.04,23.70,35.97,1004.39,179.6,-179.6,213
2026-03-16 09:14:12,00.09,304,00.07,-00.05,00.03,23.54,35.97,1004.42,179.6,-179.6,213
2026-03-16 09:14:12,00.12,287,00.11,-00.04,00.02,23.52,36.00,1004.41,179.6,-179.6,189
2026-03-16 09:14:12,00.12,275,00.12,-00.01,00.02,23.55,35.96,1004.42,179.6,-179.6,195
2026-03-16 09:14:12,00.11,265,00.10,00.01,00.02,23.74,35.97,1004.41,179.6,-179.6,200
2026-03-16 09:14:13,00.10,257,00.09,00.02,00.02,23.94,35.96,1004.43,179.6,-179.6,205
2026-03-16 09:14:13,00.11,251,00.10,00.03,00.03,24.20,35.97,1004.44,179.6,-179.6,205
2026-03-16 09:14:13,00.09,255,00.08,00.02,00.03,24.09,35.95,1004.45,179.6,-179.6,206
2026-03-16 09:14:13,00.09,268,00.08,00.00,00.04,23.91,35.96,1004.42,179.6,-179.6,190
2026-03-16 09:14:13,00.09,274,00.08,-00.01,00.04,23.78,35.97,1004.40,179.6,-179.6,198
2026-03-16 09:14:14,00.10,275,00.08,-00.01,00.05,23.77,35.95,1004.44,179.6,-179.6,192
2026-03-16 09:14:14,00.08,276,00.07,-00.01,00.03,23.76,35.96,1004.41,179.6,-179.6,187
2026-03-16 09:14:14,00.07,282,00.06,-00.01,00.03,23.72,35.94,1004.42,179.6,-179.5,187
2026-03-16 09:14:14,00.07,273,00.06,-00.00,00.04,23.82,35.98,1004.43,179.6,-179.6,192
2026-03-16 09:14:14,00.07,262,00.06,00.01,00.04,24.00,35.97,1004.44,179.6,-179.6,193
2026-03-16 09:14:15,00.07,254,00.06,00.02,00.03,24.00,35.97,1004.42,179.6,-179.6,200
2026-03-16 09:14:15,00.06,256,00.05,00.01,00.04,23.94,35.96,1004.42,179.6,-179.6,195
2026-03-16 09:14:15,00.05,278,00.04,-00.01,00.03,23.87,35.97,1004.43,179.6,-179.6,188
2026-03-16 09:14:15,00.04,301,00.03,-00.02,00.01,24.07,35.93,1004.42,179.6,-179.6,202
2026-03-16 09:14:15,00.02,265,00.01,00.00,00.02,24.44,35.98,1004.43,179.6,-179.6,207
2026-03-16 09:14:16,00.04,257,00.03,00.01,00.01,24.82,35.97,1004.42,179.6,-179.6,207
2026-03-16 09:14:16,00.06,290,00.03,-00.01,00.05,24.73,35.87,1004.44,179.6,-179.6,193
2026-03-16 09:14:16,00.05,314,00.03,-00.03,00.02,24.54,35.92,1004.42,179.6,-179.6,210
2026-03-16 09:14:16,00.07,275,00.06,-00.00,00.03,24.25,35.89,1004.43,179.6,-179.6,211
2026-03-16 09:14:16,00.07,242,00.05,00.03,00.03,23.98,35.93,1004.42,179.6,-179.6,199
2026-03-16 09:14:17,00.05,244,00.04,00.02,00.03,23.88,35.96,1004.43,179.6,-179.6,184
2026-03-16 09:14:17,00.05,291,00.03,-00.01,00.04,23.89,35.99,1004.41,179.6,-179.7,205
2026-03-16 09:14:17,00.05,273,00.04,-00.00,00.03,24.03,35.95,1004.42,179.6,-179.6,209
2026-03-16 09:14:17,00.05,250,00.02,00.01,00.05,24.04,35.95,1004.43,179.6,-179.6,198
2026-03-16 09:14:17,00.04,253,00.02,00.00,00.04,24.04,35.95,1004.39,179.6,-179.6,205
2026-03-16 09:14:18,00.05,282,00.03,-00.01,00.04,24.06,35.96,1004.42,179.6,-179.6,204
2026-03-16 09:14:18,00.04,286,00.03,-00.01,00.03,24.10,35.93,1004.41,179.6,-179.6,208
2026-03-16 09:14:18,00.04,310,00.02,-00.02,00.03,24.17,35.91,1004.39,179.6,-179.6,207
2026-03-16 09:14:18,00.05,310,00.02,-00.01,00.05,24.27,35.95,1004.42,179.6,-179.7,211
2026-03-16 09:14:18,00.07,311,00.03,-00.02,00.06,24.23,35.92,1004.40,179.6,-179.6,206
2026-03-16 09:14:19,00.08,353,00.01,-00.04,00.06,24.06,35.96,1004.43,179.6,-179.6,199
2026-03-16 09:14:19,00.06,035,-00.02,-00.02,00.05,24.00,35.91,1004.40,179.6,-179.6,221
2026-03-16 09:14:19,00.05,066,-00.03,-00.01,00.04,24.00,35.95,1004.40,179.6,-179.6,200
2026-03-16 09:14:19,00.07,037,-00.03,-00.04,00.05,24.01,35.97,1004.40,179.6,-179.7,199
2026-03-16 09:14:19,00.05,035,-00.01,-00.02,00.04,24.02,35.93,1004.43,179.6,-179.6,196
2026-03-16 09:14:20,00.04,350,00.01,-00.03,00.02,24.03,35.96,1004.41,179.6,-179.6,207
2026-03-16 09:14:20,00.03,291,00.03,-00.01,00.01,24.07,35.95,1004.42,179.6,-179.6,203
2026-03-16 09:14:20,00.05,274,00.04,-00.00,00.02,23.99,35.96,1004.43,179.6,-179.6,195
2026-03-16 09:14:20,00.05,309,00.03,-00.03,00.03,23.91,35.92,1004.40,179.6,-179.6,208
2026-03-16 09:14:20,00.06,331,00.03,-00.05,00.03,23.87,35.96,1004.39,179.6,-179.6,205
2026-03-16 09:14:21,00.06,309,00.04,-00.03,00.03,23.86,35.92,1004.40,179.6,-179.6,206
2026-03-16 09:14:21,00.05,316,00.03,-00.03,00.02,23.80,35.93,1004.39,179.6,-179.6,211
2026-03-16 09:14:21,00.04,246,00.03,00.01,00.02,23.82,35.92,1004.43,179.6,-179.6,195
2026-03-16 09:14:21,00.03,258,00.03,00.01,00.01,23.81,35.95,1004.43,179.6,-179.6,195
2026-03-16 09:14:21,00.06,292,00.06,-00.02,00.01,23.86,35.95,1004.44,179.6,-179.6,212
2026-03-16 09:14:22,00.06,326,00.03,-00.05,00.01,24.02,35.93,1004.42,179.6,-179.6,197
2026-03-16 09:14:22,00.05,351,00.01,-00.05,00.01,24.18,35.89,1004.41,179.6,-179.6,197
2026-03-16 09:14:22,00.06,014,-00.01,-00.05,00.02,24.29,35.95,1004.42,179.6,-179.7,199
2026-03-16 09:14:22,00.05,046,-00.03,-00.03,00.03,24.34,35.95,1004.37,179.6,-179.6,201
2026-03-16 09:14:22,00.06,069,-00.04,-00.02,00.03,24.33,35.92,1004.39,179.6,-179.6,195
2026-03-16 09:14:23,00.06,063,-00.04,-00.02,00.04,24.27,35.95,1004.39,179.6,-179.6,193
2026-03-16 09:14:23,00.05,083,-00.03,-00.00,00.04,24.23,35.92,1004.42,179.6,-179.6,208
2026-03-16 09:14:23,00.04,132,-00.01,00.01,00.03,24.18,35.91,1004.41,179.6,-179.6,205
2026-03-16 09:14:23,00.05,342,00.01,-00.02,00.04,24.11,35.97,1004.42,179.6,-179.6,199
2026-03-16 09:14:23,00.06,338,00.02,-00.04,00.05,24.04,35.93,1004.42,179.6,-179.7,206
2026-03-16 09:14:24,00.07,331,00.02,-00.03,00.06,23.98,35.93,1004.41,179.6,-179.6,208
2026-03-16 09:14:24,00.07,245,00.04,00.02,00.05,23.97,35.93,1004.41,179.6,-179.6,213
2026-03-16 09:14:24,00.08,224,00.04,00.04,00.05,23.99,35.95,1004.43,179.6,-179.6,195
2026-03-16 09:14:24,00.09,228,00.05,00.05,00.05,23.97,35.96,1004.41,179.6,-179.6,194
2026-03-16 09:14:24,00.08,243,00.04,00.02,00.06,24.02,35.96,1004.41,179.6,-179.6,196
2026-03-16 09:14:25,00.08,246,00.04,00.02,00.06,24.04,35.96,1004.40,179.6,-179.6,207
2026-03-16 09:14:25,00.07,243,00.04,00.02,00.06,24.12,35.94,1004.40,179.6,-179.6,212
2026-03-16 09:14:25,00.05,237,00.01,00.01,00.05,24.27,35.98,1004.40,179.6,-179.6,209
2026-03-16 09:14:25,00.06,125,-00.01,00.01,00.06,24.28,35.95,1004.42,179.6,-179.6,195
2026-03-16 09:14:25,00.07,096,-00.04,00.00,00.06,24.28,35.97,1004.40,179.6,-179.7,183
2026-03-16 09:14:26,00.05,127,-00.03,00.02,00.04,24.48,35.91,1004.42,179.6,-179.6,203
2026-03-16 09:14:26,00.06,138,-00.03,00.03,00.04,24.81,35.93,1004.41,179.6,-179.7,198
2026-03-16 09:14:26,00.08,114,-00.06,00.02,00.06,24.99,35.92,1004.42,179.6,-179.6,204
2026-03-16 09:14:26,00.08,091,-00.07,00.00,00.04,25.06,35.93,1004.42,179.6,-179.6,198
2026-03-16 09:14:26,00.07,092,-00.05,00.00,00.05,24.93,35.92,1004.44,179.6,-179.6,207
2026-03-16 09:14:27,00.08,069,-00.05,-00.02,00.06,24.69,35.92,1004.40,179.6,-179.6,201
2026-03-16 09:14:27,00.07,073,-00.03,-00.01,00.06,24.42,35.92,1004.39,179.6,-179.6,198
2026-03-16 09:14:27,00.06,026,-00.02,-00.03,00.05,24.17,35.93,1004.41,179.6,-179.6,203
2026-03-16 09:14:27,00.06,343,00.01,-00.02,00.05,23.89,35.92,1004.38,179.6,-179.6,211
2026-03-16 09:14:27,00.08,339,00.02,-00.05,00.06,23.77,35.91,1004.42,179.6,-179.6,208
2026-03-16 09:14:28,00.09,325,00.04,-00.06,00.05,23.77,35.93,1004.40,179.6,-179.6,198
2026-03-16 09:14:28,00.08,324,00.04,-00.05,00.05,23.78,35.89,1004.41,179.6,-179.6,200
2026-03-16 09:14:28,00.06,313,00.03,-00.03,00.03,23.82,35.92,1004.41,179.6,-179.6,192
2026-03-16 09:14:28,00.07,313,00.04,-00.04,00.03,23.85,35.95,1004.43,179.6,-179.6,184
2026-03-16 09:14:28,00.08,303,00.06,-00.04,00.04,23.81,35.93,1004.41,179.6,-179.6,198
2026-03-16 09:14:29,00.08,318,00.05,-00.05,00.04,23.70,35.93,1004.42,179.6,-179.6,213
2026-03-16 09:14:29,00.07,306,00.05,-00.04,00.03,23.79,35.91,1004.39,179.6,-179.6,214
2026-03-16 09:14:29,00.07,293,00.06,-00.02,00.03,23.89,35.96,1004.41,179.6,-179.6,208
2026-03-16 09:14:29,00.05,280,00.04,-00.01,00.03,24.08,35.97,1004.39,179.6,-179.6,202
2026-03-16 09:14:29,00.06,267,00.05,00.00,00.04,24.24,35.93,1004.43,179.6,-179.6,203
2026-03-16 09:14:30,00.04,265,00.03,00.00,00.02,24.21,35.93,1004.41,179.6,-179.6,192
2026-03-16 09:14:30,00.06,266,00.05,00.00,00.03,24.20,35.92,1004.41,179.6,-179.6,196
2026-03-16 09:14:30,00.04,274,00.02,-00.00,00.03,24.19,35.93,1004.39,179.6,-179.6,202
2026-03-16 09:14:30,00.05,298,00.02,-00.01,00.04,24.19,35.96,1004.42,179.6,-179.6,180
2026-03-16 09:14:30,00.06,292,00.05,-00.02,00.04,24.11,35.93,1004.41,179.6,-179.6,195
2026-03-16 09:14:31,00.05,317,00.01,-00.01,00.04,24.08,35.95,1004.44,179.6,-179.6,198
2026-03-16 09:14:31,00.05,317,00.03,-00.03,00.02,24.17,35.96,1004.41,179.6,-179.6,188
2026-03-16 09:14:31,00.06,312,00.04,-00.04,00.02,24.08,35.89,1004.37,179.6,-179.6,207
2026-03-16 09:14:31,00.04,312,00.03,-00.02,00.02,23.98,35.93,1004.43,179.6,-179.6,197
2026-03-16 09:14:31,00.05,313,00.03,-00.03,00.02,23.98,35.95,1004.43,179.6,-179.6,199
2026-03-16 09:14:32,00.05,300,00.04,-00.02,00.02,24.03,35.93,1004.42,179.6,-179.6,192
2026-03-16 09:14:32,00.07,286,00.06,-00.02,00.03,24.01,35.96,1004.40,179.6,-179.6,201
2026-03-16 09:14:32,00.06,291,00.04,-00.02,00.04,23.92,35.93,1004.41,179.6,-179.6,206
2026-03-16 09:14:32,00.05,299,00.04,-00.02,00.02,23.99,35.97,1004.41,179.6,-179.6,191
2026-03-16 09:14:32,00.05,302,00.04,-00.02,00.02,24.13,35.93,1004.42,179.6,-179.6,213
2026-03-16 09:14:33,00.04,291,00.03,-00.01,00.02,24.24,35.93,1004.42,179.6,-179.6,208
2026-03-16 09:14:33,00.03,306,00.02,-00.01,00.02,24.29,35.92,1004.43,179.6,-179.6,180
2026-03-16 09:14:33,00.02,298,00.01,-00.01,00.01,24.43,35.92,1004.40,179.6,-179.6,197
2026-03-16 09:14:33,00.05,255,00.04,00.01,00.02,24.50,35.91,1004.43,179.6,-179.6,200
2026-03-16 09:14:33,00.05,253,00.04,00.01,00.03,24.31,35.95,1004.41,179.6,-179.6,206
2026-03-16 09:14:34,00.04,296,00.03,-00.01,00.03,24.22,35.93,1004.39,179.6,-179.6,203
2026-03-16 09:14:34,00.06,321,00.04,-00.04,00.03,24.11,35.92,1004.42,179.6,-179.6,200
2026-03-16 09:14:34,00.07,305,00.05,-00.03,00.03,24.01,35.93,1004.42,179.6,-179.6,200
2026-03-16 09:14:34,00.07,276,00.04,-00.00,00.05,23.99,35.92,1004.39,179.6,-179.6,202
2026-03-16 09:14:34,00.07,299,00.03,-00.01,00.06,24.02,35.91,1004.39,179.6,-179.6,185
2026-03-16 09:14:35,00.06,316,00.03,-00.03,00.05,24.02,35.95,1004.44,179.6,-179.6,202
2026-03-16 09:14:35,00.06,331,00.02,-00.04,00.04,24.05,35.93,1004.44,179.6,-179.6,205
2026-03-16 09:14:35,00.06,314,00.03,-00.03,00.05,24.08,35.96,1004.41,179.6,-179.6,198
2026-03-16 09:14:35,00.07,293,00.04,-00.02,00.04,24.07,35.97,1004.42,179.6,-179.7,199
2026-03-16 09:14:35,00.07,334,00.02,-00.05,00.05,24.05,35.96,1004.39,179.6,-179.6,209
2026-03-16 09:14:36,00.06,321,00.03,-00.03,00.04,24.05,35.96,1004.38,179.6,-179.6,212
2026-03-16 09:14:36,00.06,325,00.03,-00.04,00.03,24.06,35.93,1004.42,179.6,-179.6,211
2026-03-16 09:14:36,00.04,321,00.02,-00.02,00.03,24.07,35.95,1004.41,179.6,-179.6,198
2026-03-16 09:14:36,00.06,327,00.03,-00.04,00.03,24.11,35.94,1004.40,179.6,-179.6,198
2026-03-16 09:14:36,00.06,325,00.03,-00.04,00.03,24.15,35.94,1004.42,179.6,-179.6,210
2026-03-16 09:14:37,00.05,288,00.03,-00.01,00.04,24.22,35.95,1004.42,179.6,-179.6,207
2026-03-16 09:14:37,00.05,254,00.03,00.01,00.04,24.27,35.96,1004.40,179.6,-179.6,190
2026-03-16 09:14:37,00.04,276,00.02,-00.00,00.04,24.31,35.95,1004.41,179.6,-179.6,196
2026-03-16 09:14:37,00.05,082,-00.00,-00.00,00.05,24.31,35.95,1004.42,179.6,-179.6,201
2026-03-16 09:14:37,00.03,054,-00.00,-00.00,00.03,24.30,35.97,1004.39,179.6,-179.6,194
2026-03-16 09:14:38,00.03,064,-00.02,-00.01,00.03,24.26,35.95,1004.42,179.6,-179.6,185
2026-03-16 09:14:38,00.04,066,-00.02,-00.01,00.03,24.20,35.95,1004.41,179.6,-179.6,216
2026-03-16 09:14:38,00.03,040,-00.01,-00.02,00.02,24.15,35.92,1004.40,179.6,-179.6,201
2026-03-16 09:14:38,00.03,057,-00.02,-00.01,00.02,24.09,35.95,1004.40,179.6,-179.6,208
2026-03-16 09:14:38,00.04,072,-00.03,-00.01,00.03,24.08,35.93,1004.40,179.6,-179.6,204
2026-03-16 09:14:39,00.06,071,-00.03,-00.01,00.04,24.07,35.96,1004.41,179.6,-179.6,193
