Timestamp,Wind_Speed,Wind_Direction,U_Vector,V_Vector,W_Vector,Temperature,Relative_Humidity,Pressure,Compass_Heading,Pitch,Roll
2026-01-12 16:51:42,00.06,047,-00.03,-00.03,00.04,23.22,32.23,1003.57,-180.0,-178.2,205
2026-01-12 16:51:42,00.04,064,-00.03,-00.02,00.03,23.22,32.28,1003.64,-179.9,-178.3,208
2026-01-12 16:51:43,00.05,061,-00.04,-00.02,00.03,23.23,32.26,1003.60,-180.0,-178.2,205
2026-01-12 16:51:43,00.05,071,-00.04,-00.01,00.01,23.24,32.28,1003.63,-180.0,-178.3,206
2026-01-12 16:51:43,00.04,064,-00.03,-00.02,00.02,23.26,32.26,1003.60,-179.9,-178.2,208
2026-01-12 16:51:43,00.06,087,-00.05,-00.00,00.03,23.26,32.26,1003.62,-179.9,-178.3,208
2026-01-12 16:51:43,00.05,082,-00.04,-00.01,00.03,23.27,32.26,1003.63,-180.0,-178.3,207
2026-01-12 16:51:44,00.05,095,-00.04,00.00,00.03,23.27,32.28,1003.62,-180.0,-178.2,206
2026-01-12 16:51:44,00.05,075,-00.05,-00.01,00.03,23.29,32.21,1003.65,-180.0,-178.3,207
2026-01-12 16:51:44,00.04,081,-00.04,-00.01,00.01,23.32,32.26,1003.62,-179.9,-178.3,207
2026-01-12 16:51:44,00.03,094,-00.03,00.00,00.01,23.32,32.24,1003.63,-179.9,-178.2,207
2026-01-12 16:51:44,00.05,083,-00.04,-00.01,00.03,23.31,32.24,1003.61,-180.0,-178.2,207
2026-01-12 16:51:45,00.06,093,-00.04,00.00,00.04,23.30,32.26,1003.62,-180.0,-178.2,209
2026-01-12 16:51:45,00.05,085,-00.05,-00.00,00.02,23.32,32.23,1003.63,-179.9,-178.3,207
2026-01-12 16:51:45,00.06,074,-00.05,-00.01,00.03,23.31,32.30,1003.58,-179.9,-178.3,205
2026-01-12 16:51:45,00.05,079,-00.05,-00.01,00.03,23.32,32.22,1003.61,-180.0,-178.3,206
2026-01-12 16:51:45,00.05,094,-00.04,00.00,00.02,23.33,32.20,1003.63,-180.0,-178.3,208
2026-01-12 16:51:46,00.05,103,-00.05,00.01,00.02,23.32,32.23,1003.61,-180.0,-178.2,209
2026-01-12 16:51:46,00.05,088,-00.05,-00.00,00.02,23.31,32.24,1003.59,-179.9,-178.2,204
2026-01-12 16:51:46,00.05,093,-00.05,00.00,00.02,23.31,32.26,1003.63,-179.9,-178.2,207
2026-01-12 16:51:46,00.04,094,-00.04,00.00,00.02,23.31,32.24,1003.61,-180.0,-178.3,210
2026-01-12 16:51:46,00.04,097,-00.04,00.00,00.02,23.31,32.27,1003.60,-180.0,-178.2,207
2026-01-12 16:51:47,00.04,072,-00.04,-00.01,00.02,23.30,32.24,1003.63,-179.9,-178.3,206
2026-01-12 16:51:47,00.05,065,-00.04,-00.02,00.03,23.30,32.23,1003.58,-179.9,-178.2,207
2026-01-12 16:51:47,00.06,072,-00.04,-00.01,00.04,23.29,32.23,1003.63,-179.9,-178.2,208
2026-01-12 16:51:47,00.05,060,-00.04,-00.02,00.02,23.28,32.24,1003.62,-179.9,-178.2,203
2026-01-12 16:51:47,00.05,084,-00.05,-00.01,00.02,23.29,32.21,1003.60,-180.0,-178.3,208
2026-01-12 16:51:48,00.06,081,-00.05,-00.01,00.03,23.27,32.23,1003.62,-180.0,-178.3,206
2026-01-12 16:51:48,00.04,107,-00.03,00.01,00.02,23.29,32.28,1003.64,-180.0,-178.3,207
2026-01-12 16:51:48,00.05,099,-00.04,00.01,00.02,23.28,32.28,1003.58,-180.0,-178.3,206
2026-01-12 16:51:48,00.05,070,-00.04,-00.02,00.02,23.29,32.21,1003.63,-179.9,-178.3,206
2026-01-12 16:51:48,00.04,063,-00.03,-00.02,00.02,23.27,32.23,1003.64,-180.0,-178.3,206
2026-01-12 16:51:49,00.03,077,-00.03,-00.01,00.01,23.27,32.23,1003.62,-180.0,-178.3,207
2026-01-12 16:51:49,00.04,073,-00.03,-00.01,00.02,23.25,32.26,1003.63,-180.0,-178.3,208
2026-01-12 16:51:49,00.04,073,-00.04,-00.01,00.02,23.26,32.23,1003.60,-180.0,-178.2,206
2026-01-12 16:51:49,00.03,102,-00.03,00.01,00.01,23.24,32.27,1003.61,-180.0,-178.3,208
2026-01-12 16:51:49,00.04,067,-00.03,-00.01,00.02,23.25,32.20,1003.63,-180.0,-178.2,208
2026-01-12 16:51:50,00.06,043,-00.03,-00.03,00.04,23.24,32.26,1003.64,-180.0,-178.3,205
2026-01-12 16:51:50,00.06,053,-00.04,-00.03,00.03,23.26,32.23,1003.62,-179.9,-178.3,205
2026-01-12 16:51:50,00.04,045,-00.02,-00.02,00.02,23.24,32.27,1003.64,-179.9,-178.3,206
2026-01-12 16:51:50,00.04,063,-00.03,-00.02,00.01,23.25,32.26,1003.60,-179.9,-178.3,206
2026-01-12 16:51:50,00.05,050,-00.03,-00.03,00.02,23.24,32.26,1003.63,-179.9,-178.3,206
2026-01-12 16:51:51,00.04,080,-00.03,-00.01,00.02,23.24,32.26,1003.62,-180.0,-178.3,208
2026-01-12 16:51:51,00.05,113,-00.04,00.02,00.03,23.24,32.27,1003.62,-180.0,-178.3,207
2026-01-12 16:51:51,00.06,086,-00.05,-00.00,00.03,23.24,32.26,1003.63,-180.0,-178.3,207
2026-01-12 16:51:51,00.05,088,-00.04,-00.00,00.03,23.24,32.26,1003.66,-180.0,-178.3,208
2026-01-12 16:51:51,00.05,077,-00.04,-00.01,00.03,23.22,32.27,1003.62,-179.9,-178.2,206
2026-01-12 16:51:52,00.05,097,-00.04,00.01,00.03,23.23,32.23,1003.64,-180.0,-178.3,208
2026-01-12 16:51:52,00.05,093,-00.03,00.00,00.03,23.22,32.26,1003.64,-180.0,-178.3,209
2026-01-12 16:51:52,00.05,101,-00.04,00.01,00.04,23.22,32.26,1003.64,-179.9,-178.3,206
2026-01-12 16:51:52,00.05,090,-00.03,-00.00,00.04,23.23,32.24,1003.65,-180.0,-178.3,207
2026-01-12 16:51:52,00.04,094,-00.02,00.00,00.03,23.22,32.26,1003.62,-180.0,-178.3,208
2026-01-12 16:51:53,00.05,094,-00.04,00.00,00.03,23.21,32.23,1003.64,-180.0,-178.3,207
2026-01-12 16:51:53,00.06,114,-00.04,00.02,00.04,23.20,32.26,1003.65,-180.0,-178.2,205
2026-01-12 16:51:53,00.07,099,-00.05,00.01,00.05,23.21,32.27,1003.64,-179.9,-178.3,207
2026-01-12 16:51:53,00.04,099,-00.04,00.01,00.02,23.22,32.26,1003.64,-180.0,-178.2,206
2026-01-12 16:51:53,00.05,072,-00.04,-00.01,00.02,23.22,32.26,1003.66,-180.0,-178.2,208
2026-01-12 16:51:54,00.05,075,-00.04,-00.01,00.03,23.20,32.23,1003.66,-179.9,-178.3,208
2026-01-12 16:51:54,00.04,094,-00.03,00.00,00.03,23.22,32.29,1003.64,-179.9,-178.2,207
2026-01-12 16:51:54,00.05,061,-00.04,-00.02,00.03,23.21,32.30,1003.65,-180.0,-178.3,207
2026-01-12 16:51:54,00.05,082,-00.04,-00.01,00.03,23.20,32.27,1003.65,-179.9,-178.2,206
2026-01-12 16:51:54,00.06,114,-00.03,00.02,00.04,23.20,32.30,1003.64,-179.9,-178.3,206
2026-01-12 16:51:55,00.05,113,-00.04,00.02,00.04,23.21,32.24,1003.67,-179.9,-178.2,205
2026-01-12 16:51:55,00.04,077,-00.02,-00.00,00.03,23.23,32.30,1003.65,-179.9,-178.2,207
2026-01-12 16:51:55,00.04,086,-00.03,-00.00,00.02,23.22,32.27,1003.66,-179.9,-178.3,206
2026-01-12 16:51:55,00.04,108,-00.02,00.01,00.03,23.22,32.33,1003.67,-180.0,-178.3,206
2026-01-12 16:51:55,00.05,112,-00.03,00.01,00.04,23.21,32.29,1003.64,-179.9,-178.3,208
2026-01-12 16:51:56,00.06,111,-00.04,00.01,00.04,23.21,32.27,1003.63,-179.9,-178.2,207
2026-01-12 16:51:56,00.06,073,-00.05,-00.01,00.04,23.23,32.30,1003.62,-180.0,-178.2,209
2026-01-12 16:51:56,00.08,087,-00.07,-00.00,00.03,23.24,32.26,1003.62,-180.0,-178.3,205
2026-01-12 16:51:56,00.07,102,-00.04,00.01,00.05,23.24,32.30,1003.64,-179.9,-178.3,209
2026-01-12 16:51:56,00.05,080,-00.02,-00.00,00.05,23.23,32.31,1003.63,-180.0,-178.2,205
2026-01-12 16:51:57,00.03,048,-00.01,-00.01,00.03,23.23,32.30,1003.66,-179.9,-178.2,207
2026-01-12 16:51:57,00.04,069,-00.03,-00.01,00.03,23.23,32.30,1003.65,-179.9,-178.3,209
2026-01-12 16:51:57,00.03,113,-00.01,00.00,00.03,23.23,32.31,1003.68,-180.0,-178.2,206
2026-01-12 16:51:57,00.05,059,-00.03,-00.02,00.04,23.23,32.26,1003.65,-179.9,-178.3,206
2026-01-12 16:51:57,00.05,086,-00.03,-00.00,00.03,23.22,32.30,1003.64,-179.9,-178.3,206
2026-01-12 16:51:58,00.06,084,-00.04,-00.00,00.04,23.25,32.30,1003.63,-180.0,-178.3,208
2026-01-12 16:51:58,00.06,096,-00.05,00.01,00.03,23.25,32.34,1003.65,-179.9,-178.2,206
2026-01-12 16:51:58,00.05,124,-00.02,00.02,00.04,23.25,32.31,1003.66,-179.9,-178.2,207
2026-01-12 16:51:58,00.04,059,-00.02,-00.01,00.03,23.25,32.27,1003.66,-180.0,-178.3,204
2026-01-12 16:51:58,00.04,058,-00.02,-00.01,00.03,23.24,32.28,1003.65,-180.0,-178.2,204
2026-01-12 16:51:59,00.04,107,-00.02,00.01,00.03,23.24,32.30,1003.63,-180.0,-178.3,207
2026-01-12 16:51:59,00.04,086,-00.03,-00.00,00.03,23.24,32.31,1003.66,-180.0,-178.2,208
2026-01-12 16:51:59,00.05,089,-00.03,-00.00,00.03,23.24,32.32,1003.65,-180.0,-178.3,210
2026-01-12 16:51:59,00.04,085,-00.03,-00.00,00.02,23.23,32.33,1003.62,-180.0,-178.2,205
2026-01-12 16:51:59,00.04,064,-00.02,-00.01,00.03,23.23,32.31,1003.65,-179.9,-178.2,206
2026-01-12 16:52:00,00.03,078,-00.03,-00.01,00.01,23.23,32.26,1003.67,-180.0,-178.2,209
2026-01-12 16:52:00,00.04,073,-00.03,-00.01,00.02,23.22,32.33,1003.63,-180.0,-178.3,207
2026-01-12 16:52:00,00.04,092,-00.04,00.00,00.02,23.24,32.31,1003.62,-179.9,-178.3,208
2026-01-12 16:52:00,00.04,058,-00.03,-00.02,00.02,23.26,32.28,1003.61,-180.0,-178.3,208
2026-01-12 16:52:00,00.04,100,-00.02,00.00,00.03,23.25,32.33,1003.61,-180.0,-178.3,207
2026-01-12 16:52:01,00.03,134,-00.01,00.01,00.02,23.23,32.27,1003.66,-179.9,-178.3,208
2026-01-12 16:52:01,00.06,086,-00.05,-00.00,00.03,23.21,32.31,1003.66,-180.0,-178.3,207
2026-01-12 16:52:01,00.07,087,-00.06,-00.00,00.04,23.20,32.30,1003.64,-180.0,-178.3,208
2026-01-12 16:52:01,00.04,088,-00.03,-00.00,00.03,23.21,32.33,1003.64,-180.0,-178.3,206
2026-01-12 16:52:01,00.05,056,-00.03,-00.02,00.04,23.20,32.31,1003.64,-180.0,-178.2,209
2026-01-12 16:52:02,00.03,019,-00.01,-00.02,00.02,23.18,32.37,1003.62,-179.9,-178.3,206
2026-01-12 16:52:02,00.04,088,-00.02,-00.00,00.03,23.18,32.33,1003.61,-179.9,-178.2,206
2026-01-12 16:52:02,00.06,067,-00.05,-00.02,00.04,23.16,32.28,1003.64,-179.9,-178.2,206
2026-01-12 16:52:02,00.06,082,-00.05,-00.01,00.04,23.18,32.34,1003.64,-180.0,-178.2,207
2026-01-12 16:52:02,00.05,078,-00.04,-00.01,00.03,23.17,32.31,1003.61,-179.9,-178.3,206
2026-01-12 16:52:03,00.05,072,-00.04,-00.01,00.03,23.18,32.31,1003.63,-180.0,-178.2,207
2026-01-12 16:52:03,00.05,090,-00.03,-00.00,00.04,23.16,32.33,1003.60,-179.9,-178.2,207
2026-01-12 16:52:03,00.05,074,-00.02,-00.01,00.04,23.16,32.33,1003.62,-180.0,-178.2,206
2026-01-12 16:52:03,00.05,074,-00.04,-00.01,00.02,23.16,32.34,1003.64,-179.9,-178.2,208
2026-01-12 16:52:03,00.04,089,-00.02,-00.00,00.03,23.17,32.34,1003.64,-180.0,-178.2,206
2026-01-12 16:52:04,00.06,058,-00.03,-00.02,00.04,23.19,32.31,1003.63,-180.0,-178.2,206
2026-01-12 16:52:04,00.07,037,-00.03,-00.04,00.05,23.17,32.30,1003.63,-180.0,-178.2,208
2026-01-12 16:52:04,00.04,357,00.00,-00.02,00.03,23.18,32.34,1003.62,-179.9,-178.3,205
2026-01-12 16:52:04,00.03,051,-00.02,-00.02,00.02,23.18,32.34,1003.60,-180.0,-178.2,209
2026-01-12 16:52:04,00.05,074,-00.04,-00.01,00.02,23.19,32.33,1003.61,-180.0,-178.3,205
2026-01-12 16:52:05,00.07,056,-00.05,-00.03,00.03,23.19,32.33,1003.65,-179.9,-178.3,205
2026-01-12 16:52:05,00.06,051,-00.05,-00.04,00.02,23.21,32.34,1003.60,-179.9,-178.2,206
2026-01-12 16:52:05,00.05,019,-00.01,-00.04,00.03,23.20,32.31,1003.60,-180.0,-178.2,204
2026-01-12 16:52:05,00.02,017,-00.00,-00.01,00.02,23.21,32.34,1003.65,-180.0,-178.2,206
2026-01-12 16:52:05,00.05,107,-00.04,00.01,00.03,23.20,32.30,1003.66,-179.9,-178.3,208
2026-01-12 16:52:06,00.04,106,-00.04,00.01,00.02,23.22,32.29,1003.59,-180.0,-178.3,208
2026-01-12 16:52:06,00.03,059,-00.02,-00.01,00.01,23.22,32.28,1003.63,-179.9,-178.3,205
2026-01-12 16:52:06,00.04,056,-00.02,-00.01,00.03,23.21,32.35,1003.62,-180.0,-178.2,206
2026-01-12 16:52:06,00.04,062,-00.03,-00.02,00.03,23.20,32.31,1003.63,-180.0,-178.3,206
2026-01-12 16:52:06,00.04,089,-00.03,-00.00,00.03,23.20,32.28,1003.62,-179.9,-178.2,210
2026-01-12 16:52:07,00.05,058,-00.04,-00.02,00.02,23.19,32.31,1003.63,-180.0,-178.2,209
2026-01-12 16:52:07,00.05,066,-00.04,-00.02,00.02,23.19,32.27,1003.62,-179.9,-178.2,206
2026-01-12 16:52:07,00.04,060,-00.03,-00.02,00.03,23.19,32.31,1003.59,-180.0,-178.3,205
2026-01-12 16:52:07,00.05,059,-00.02,-00.01,00.04,23.20,32.33,1003.59,-180.0,-178.3,205
2026-01-12 16:52:07,00.04,036,-00.02,-00.02,00.03,23.20,32.28,1003.63,-180.0,-178.3,206
2026-01-12 16:52:08,00.06,068,-00.04,-00.02,00.04,23.19,32.27,1003.60,-179.9,-178.3,208
2026-01-12 16:52:08,00.05,067,-00.04,-00.02,00.03,23.20,32.28,1003.61,-179.9,-178.2,210
2026-01-12 16:52:08,00.05,074,-00.04,-00.01,00.03,23.20,32.33,1003.63,-179.9,-178.3,207
2026-01-12 16:52:08,00.06,051,-00.04,-00.03,00.02,23.20,32.27,1003.62,-180.0,-178.3,208
2026-01-12 16:52:08,00.06,072,-00.05,-00.02,00.03,23.21,32.31,1003.60,-180.0,-178.3,210
2026-01-12 16:52:09,00.06,067,-00.05,-00.02,00.04,23.21,32.28,1003.62,-179.9,-178.3,206
2026-01-12 16:52:09,00.05,055,-00.03,-00.02,00.03,23.22,32.30,1003.62,-179.9,-178.2,211
2026-01-12 16:52:09,00.03,018,-00.01,-00.02,00.02,23.24,32.27,1003.60,-180.0,-178.3,206
2026-01-12 16:52:09,00.03,031,-00.01,-00.02,00.03,23.23,32.31,1003.65,-180.0,-178.3,206
2026-01-12 16:52:09,00.04,052,-00.03,-00.02,00.03,23.22,32.27,1003.62,-179.9,-178.3,206
2026-01-12 16:52:10,00.06,076,-00.05,-00.01,00.04,23.24,32.31,1003.61,-179.9,-178.3,205
2026-01-12 16:52:10,00.08,080,-00.07,-00.01,00.03,23.26,32.27,1003.64,-179.9,-178.3,209
2026-01-12 16:52:10,00.07,067,-00.05,-00.02,00.04,23.27,32.23,1003.62,-180.0,-178.3,210
2026-01-12 16:52:10,00.04,316,00.01,-00.01,00.04,23.27,32.23,1003.61,-180.0,-178.2,208
2026-01-12 16:52:10,00.03,301,00.01,-00.01,00.02,23.23,32.24,1003.64,-179.9,-178.3,208
2026-01-12 16:52:11,00.05,066,-00.04,-00.02,00.02,23.22,32.27,1003.63,-180.0,-178.2,206
2026-01-12 16:52:11,00.07,070,-00.06,-00.02,00.03,23.21,32.24,1003.60,-180.0,-178.2,207
2026-01-12 16:52:11,00.06,047,-00.04,-00.04,00.02,23.22,32.24,1003.60,-180.0,-178.2,206
2026-01-12 16:52:11,00.05,036,-00.02,-00.03,00.03,23.19,32.26,1003.57,-179.9,-178.2,208
2026-01-12 16:52:11,00.06,044,-00.03,-00.03,00.04,23.17,32.24,1003.63,-180.0,-178.2,208
2026-01-12 16:52:12,00.05,041,-00.02,-00.03,00.04,23.16,32.24,1003.63,-180.0,-178.2,206
2026-01-12 16:52:12,00.05,049,-00.02,-00.02,00.03,23.12,32.29,1003.61,-179.9,-178.2,206
2026-01-12 16:52:12,00.07,068,-00.05,-00.02,00.05,23.09,32.28,1003.60,-180.0,-178.3,207
2026-01-12 16:52:12,00.06,068,-00.04,-00.02,00.04,23.10,32.24,1003.61,-180.0,-178.3,207
2026-01-12 16:52:12,00.06,083,-00.03,-00.00,00.04,23.09,32.23,1003.63,-179.9,-178.3,205
2026-01-12 16:52:13,00.05,070,-00.03,-00.01,00.03,23.10,32.24,1003.62,-179.9,-178.3,207
2026-01-12 16:52:13,00.05,090,-00.03,-00.00,00.03,23.08,32.21,1003.60,-180.0,-178.2,210
2026-01-12 16:52:13,00.05,091,-00.04,00.00,00.03,23.10,32.22,1003.60,-179.9,-178.2,207
2026-01-12 16:52:13,00.04,118,-00.03,00.02,00.02,23.10,32.21,1003.61,-179.9,-178.3,206
2026-01-12 16:52:13,00.02,091,-00.02,00.00,00.01,23.10,32.26,1003.61,-180.0,-178.3,206
2026-01-12 16:52:14,00.03,084,-00.03,-00.00,00.02,23.10,32.23,1003.63,-179.9,-178.3,206
2026-01-12 16:52:14,00.06,094,-00.04,00.00,00.04,23.09,32.23,1003.63,-179.9,-178.2,208
2026-01-12 16:52:14,00.05,086,-00.03,-00.00,00.04,23.12,32.24,1003.61,-179.9,-178.3,206
2026-01-12 16:52:14,00.05,075,-00.04,-00.01,00.03,23.13,32.24,1003.59,-180.0,-178.3,206
2026-01-12 16:52:14,00.05,079,-00.04,-00.01,00.03,23.14,32.24,1003.61,-179.9,-178.2,207
2026-01-12 16:52:15,00.06,082,-00.05,-00.01,00.04,23.13,32.27,1003.60,-180.0,-178.3,207
2026-01-12 16:52:15,00.05,102,-00.04,00.01,00.03,23.15,32.21,1003.63,-180.0,-178.2,207
2026-01-12 16:52:15,00.05,110,-00.04,00.01,00.02,23.16,32.20,1003.62,-180.0,-178.3,207
2026-01-12 16:52:15,00.05,114,-00.04,00.02,00.03,23.18,32.23,1003.61,-180.0,-178.2,208
2026-01-12 16:52:15,00.05,080,-00.04,-00.01,00.03,23.18,32.20,1003.63,-180.0,-178.2,208
2026-01-12 16:52:16,00.05,070,-00.04,-00.01,00.03,23.20,32.23,1003.63,-179.9,-178.2,208
2026-01-12 16:52:16,00.06,061,-00.05,-00.03,00.03,23.20,32.23,1003.60,-179.9,-178.2,207
2026-01-12 16:52:16,00.03,077,-00.03,-00.01,00.02,23.21,32.23,1003.58,-180.0,-178.2,208
2026-01-12 16:52:16,00.04,081,-00.03,-00.00,00.03,23.20,32.26,1003.64,-179.9,-178.3,208
2026-01-12 16:52:16,00.05,105,-00.04,00.01,00.03,23.21,32.21,1003.63,-180.0,-178.3,207
2026-01-12 16:52:17,00.06,116,-00.04,00.02,00.03,23.20,32.24,1003.63,-180.0,-178.3,205
2026-01-12 16:52:17,00.06,106,-00.04,00.01,00.03,23.19,32.27,1003.59,-179.9,-178.2,209
2026-01-12 16:52:17,00.06,098,-00.05,00.01,00.04,23.19,32.23,1003.62,-179.9,-178.2,210
2026-01-12 16:52:17,00.04,085,-00.03,-00.00,00.02,23.18,32.20,1003.62,-179.9,-178.2,208
2026-01-12 16:52:17,00.06,087,-00.05,-00.00,00.04,23.18,32.21,1003.59,-179.9,-178.3,206
2026-01-12 16:52:18,00.05,100,-00.05,00.01,00.03,23.17,32.21,1003.62,-179.9,-178.2,205
2026-01-12 16:52:18,00.04,111,-00.03,00.01,00.03,23.16,32.23,1003.62,-179.9,-178.3,204
2026-01-12 16:52:18,00.05,110,-00.03,00.01,00.03,23.15,32.24,1003.60,-179.9,-178.2,209
2026-01-12 16:52:18,00.04,093,-00.03,00.00,00.03,23.15,32.24,1003.58,-179.9,-178.3,207
2026-01-12 16:52:18,00.05,090,-00.04,-00.00,00.03,23.14,32.23,1003.60,-180.0,-178.3,206
2026-01-12 16:52:19,00.06,095,-00.04,00.00,00.04,23.14,32.26,1003.61,-179.9,-178.3,209
2026-01-12 16:52:19,00.05,106,-00.04,00.01,00.03,23.14,32.24,1003.64,-180.0,-178.3,206
2026-01-12 16:52:19,00.03,096,-00.02,00.00,00.02,23.14,32.24,1003.61,-180.0,-178.3,208
2026-01-12 16:52:19,00.04,057,-00.02,-00.02,00.03,23.13,32.26,1003.61,-179.9,-178.2,207
2026-01-12 16:52:19,00.05,110,-00.03,00.01,00.04,23.12,32.20,1003.62,-180.0,-178.2,208
2026-01-12 16:52:20,00.04,123,-00.02,00.01,00.03,23.12,32.23,1003.63,-180.0,-178.2,206
2026-01-12 16:52:20,00.04,105,-00.01,00.00,00.04,23.13,32.21,1003.65,-179.9,-178.2,210
2026-01-12 16:52:20,00.04,063,-00.03,-00.01,00.03,23.13,32.19,1003.63,-180.0,-178.3,208
2026-01-12 16:52:20,00.05,088,-00.04,-00.00,00.04,23.13,32.20,1003.62,-179.9,-178.2,206
2026-01-12 16:52:20,00.05,094,-00.03,00.00,00.04,23.14,32.21,1003.61,-179.9,-178.2,206
2026-01-12 16:52:21,00.05,099,-00.03,00.00,00.04,23.15,32.23,1003.61,-180.0,-178.3,208
2026-01-12 16:52:21,00.06,088,-00.04,-00.00,00.04,23.12,32.23,1003.60,-179.9,-178.3,206
2026-01-12 16:52:21,00.05,094,-00.04,00.00,00.03,23.12,32.23,1003.60,-179.9,-178.3,208
2026-01-12 16:52:21,00.05,103,-00.04,00.01,00.02,23.14,32.23,1003.62,-180.0,-178.3,208
2026-01-12 16:52:21,00.05,099,-00.04,00.01,00.03,23.14,32.24,1003.63,-179.9,-178.2,207
2026-01-12 16:52:22,00.04,108,-00.03,00.01,00.02,23.14,32.21,1003.62,-179.9,-178.2,207
2026-01-12 16:52:22,00.06,097,-00.05,00.01,00.04,23.12,32.26,1003.61,-180.0,-178.2,209
2026-01-12 16:52:22,00.05,069,-00.04,-00.01,00.03,23.13,32.23,1003.62,-179.9,-178.2,207
2026-01-12 16:52:22,00.05,077,-00.04,-00.01,00.02,23.14,32.19,1003.63,-179.9,-178.2,204
2026-01-12 16:52:22,00.06,099,-00.05,00.01,00.02,23.13,32.26,1003.64,-179.9,-178.3,207
2026-01-12 16:52:23,00.05,096,-00.04,00.00,00.02,23.15,32.23,1003.62,-179.9,-178.2,206
2026-01-12 16:52:23,00.05,094,-00.04,00.00,00.03,23.15,32.27,1003.64,-179.9,-178.3,205
2026-01-12 16:52:23,00.03,101,-00.03,00.01,00.02,23.16,32.23,1003.61,-180.0,-178.3,209
2026-01-12 16:52:23,00.03,104,-00.03,00.01,00.02,23.15,32.23,1003.64,-179.9,-178.3,203
2026-01-12 16:52:23,00.04,071,-00.04,-00.01,00.02,23.15,32.23,1003.61,-179.9,-178.2,209
2026-01-12 16:52:24,00.05,073,-00.04,-00.01,00.02,23.15,32.26,1003.65,-179.9,-178.3,205
2026-01-12 16:52:24,00.06,090,-00.05,-00.00,00.04,23.16,32.27,1003.65,-179.9,-178.2,206
2026-01-12 16:52:24,00.04,061,-00.03,-00.02,00.02,23.15,32.24,1003.60,-179.9,-178.3,208
2026-01-12 16:52:24,00.04,099,-00.03,00.00,00.02,23.15,32.24,1003.63,-179.9,-178.3,207
2026-01-12 16:52:24,00.05,098,-00.03,00.00,00.04,23.16,32.23,1003.61,-180.0,-178.2,206
2026-01-12 16:52:25,00.05,109,-00.05,00.02,00.02,23.16,32.21,1003.64,-179.9,-178.2,207
2026-01-12 16:52:25,00.06,099,-00.05,00.01,00.03,23.14,32.20,1003.63,-179.9,-178.3,208
2026-01-12 16:52:25,00.07,091,-00.07,00.00,00.03,23.13,32.17,1003.61,-179.9,-178.2,210
2026-01-12 16:52:25,00.06,067,-00.05,-00.02,00.03,23.15,32.26,1003.62,-180.0,-178.2,207
2026-01-12 16:52:25,00.06,074,-00.05,-00.01,00.03,23.16,32.27,1003.64,-180.0,-178.2,208
2026-01-12 16:52:26,00.04,097,-00.04,00.00,00.02,23.17,32.20,1003.62,-180.0,-178.2,206
2026-01-12 16:52:26,00.05,106,-00.04,00.01,00.02,23.15,32.23,1003.64,-179.9,-178.2,208
2026-01-12 16:52:26,00.05,081,-00.04,-00.01,00.03,23.14,32.23,1003.66,-180.0,-178.2,206
2026-01-12 16:52:26,00.07,074,-00.06,-00.02,00.04,23.15,32.26,1003.66,-179.9,-178.2,207
2026-01-12 16:52:26,00.06,079,-00.05,-00.01,00.04,23.16,32.24,1003.62,-179.9,-178.3,208
2026-01-12 16:52:27,00.06,084,-00.05,-00.01,00.03,23.16,32.26,1003.63,-179.9,-178.2,210
2026-01-12 16:52:27,00.06,076,-00.05,-00.01,00.03,23.16,32.19,1003.63,-179.9,-178.2,206
2026-01-12 16:52:27,00.04,079,-00.03,-00.01,00.02,23.16,32.17,1003.63,-179.9,-178.3,206
2026-01-12 16:52:27,00.05,094,-00.04,00.00,00.03,23.16,32.24,1003.61,-179.9,-178.2,206
2026-01-12 16:52:27,00.06,053,-00.04,-00.03,00.03,23.15,32.26,1003.64,-180.0,-178.3,206
2026-01-12 16:52:28,00.05,073,-00.04,-00.01,00.03,23.15,32.26,1003.68,-179.9,-178.3,207
2026-01-12 16:52:28,00.05,095,-00.04,00.00,00.03,23.15,32.21,1003.66,-180.0,-178.3,206
2026-01-12 16:52:28,00.04,077,-00.04,-00.01,00.02,23.15,32.19,1003.64,-180.0,-178.2,207
2026-01-12 16:52:28,00.04,096,-00.03,00.00,00.02,23.15,32.26,1003.62,-180.0,-178.2,207
2026-01-12 16:52:28,00.05,110,-00.04,00.01,00.03,23.14,32.24,1003.68,-179.9,-178.3,207
2026-01-12 16:52:29,00.06,101,-00.05,00.01,00.03,23.15,32.26,1003.65,-179.9,-178.3,206
2026-01-12 16:52:29,00.05,068,-00.03,-00.01,00.04,23.18,32.23,1003.64,-179.9,-178.2,209
2026-01-12 16:52:29,00.04,079,-00.03,-00.00,00.03,23.16,32.26,1003.61,-180.0,-178.2,205
2026-01-12 16:52:29,00.05,092,-00.04,00.00,00.02,23.16,32.19,1003.61,-180.0,-178.2,206
2026-01-12 16:52:29,00.05,063,-00.03,-00.02,00.04,23.16,32.20,1003.66,-179.9,-178.3,209
2026-01-12 16:52:30,00.06,078,-00.04,-00.01,00.04,23.15,32.24,1003.67,-180.0,-178.3,204
2026-01-12 16:52:30,00.05,052,-00.04,-00.03,00.03,23.16,32.23,1003.65,-179.9,-178.3,208
2026-01-12 16:52:30,00.05,073,-00.04,-00.01,00.04,23.18,32.19,1003.65,-179.9,-178.2,210
2026-01-12 16:52:30,00.07,073,-00.05,-00.01,00.05,23.17,32.23,1003.67,-180.0,-178.2,208
2026-01-12 16:52:30,00.04,064,-00.02,-00.01,00.03,23.18,32.24,1003.64,-180.0,-178.3,206
2026-01-12 16:52:31,00.02,088,-00.02,-00.00,00.01,23.18,32.24,1003.63,-179.9,-178.3,208
2026-01-12 16:52:31,00.02,059,-00.02,-00.01,00.00,23.19,32.20,1003.68,-179.9,-178.3,205
2026-01-12 16:52:31,00.05,065,-00.03,-00.02,00.03,23.19,32.24,1003.63,-180.0,-178.3,208
2026-01-12 16:52:31,00.04,070,-00.02,-00.01,00.03,23.20,32.24,1003.65,-179.9,-178.2,208
2026-01-12 16:52:31,00.04,085,-00.04,-00.00,00.02,23.20,32.19,1003.62,-179.9,-178.2,205
2026-01-12 16:52:32,00.05,093,-00.04,00.00,00.02,23.21,32.19,1003.62,-180.0,-178.3,207
2026-01-12 16:52:32,00.05,094,-00.04,00.00,00.02,23.21,32.21,1003.65,-179.9,-178.3,205
2026-01-12 16:52:32,00.05,066,-00.03,-00.01,00.03,23.20,32.18,1003.63,-179.9,-178.2,205
2026-01-12 16:52:32,00.06,047,-00.03,-00.03,00.04,23.20,32.21,1003.63,-179.9,-178.3,207
2026-01-12 16:52:32,00.05,086,-00.04,-00.00,00.04,23.20,32.19,1003.63,-179.9,-178.3,205
2026-01-12 16:52:33,00.06,082,-00.05,-00.01,00.03,23.20,32.21,1003.64,-179.9,-178.2,208
2026-01-12 16:52:33,00.05,060,-00.03,-00.02,00.02,23.21,32.21,1003.65,-180.0,-178.3,207
2026-01-12 16:52:33,00.03,081,-00.02,-00.00,00.02,23.21,32.20,1003.62,-180.0,-178.2,207
2026-01-12 16:52:33,00.05,083,-00.04,-00.01,00.03,23.22,32.21,1003.65,-179.9,-178.2,207
2026-01-12 16:52:33,00.05,067,-00.04,-00.02,00.02,23.23,32.23,1003.65,-179.9,-178.3,207
2026-01-12 16:52:34,00.05,074,-00.04,-00.01,00.03,23.21,32.24,1003.60,-179.9,-178.2,207
2026-01-12 16:52:34,00.05,085,-00.04,-00.00,00.03,23.23,32.19,1003.65,-179.9,-178.3,207
2026-01-12 16:52:34,00.05,095,-00.04,00.00,00.03,23.21,32.20,1003.63,-180.0,-178.3,206
2026-01-12 16:52:34,00.04,077,-00.03,-00.01,00.01,23.24,32.23,1003.63,-179.9,-178.2,208
2026-01-12 16:52:34,00.05,058,-00.04,-00.02,00.02,23.23,32.26,1003.67,-179.9,-178.3,205
2026-01-12 16:52:35,00.05,090,-00.04,-00.00,00.02,23.23,32.23,1003.65,-180.0,-178.3,208
2026-01-12 16:52:35,00.06,092,-00.05,00.00,00.02,23.21,32.24,1003.61,-179.9,-178.2,207
2026-01-12 16:52:35,00.04,095,-00.03,00.00,00.03,23.20,32.21,1003.62,-179.9,-178.2,206
2026-01-12 16:52:35,00.05,082,-00.03,-00.00,00.03,23.21,32.23,1003.60,-180.0,-178.3,207
2026-01-12 16:52:35,00.05,055,-00.03,-00.02,00.03,23.21,32.20,1003.64,-179.9,-178.2,211
2026-01-12 16:52:36,00.06,077,-00.05,-00.01,00.04,23.22,32.23,1003.62,-179.9,-178.3,204
2026-01-12 16:52:36,00.05,097,-00.03,00.00,00.04,23.21,32.24,1003.64,-179.9,-178.2,205
2026-01-12 16:52:36,00.07,102,-00.06,00.01,00.04,23.21,32.19,1003.62,-179.9,-178.2,207
2026-01-12 16:52:36,00.04,119,-00.03,00.02,00.02,23.21,32.18,1003.61,-179.9,-178.2,207
2026-01-12 16:52:36,00.04,064,-00.03,-00.01,00.03,23.21,32.20,1003.63,-179.9,-178.2,208
2026-01-12 16:52:37,00.06,091,-00.05,00.00,00.04,23.22,32.24,1003.59,-179.9,-178.3,208
2026-01-12 16:52:37,00.04,086,-00.03,-00.00,00.03,23.22,32.19,1003.63,-179.9,-178.2,207
2026-01-12 16:52:37,00.04,104,-00.04,00.01,00.03,23.22,32.24,1003.64,-179.9,-178.3,205
2026-01-12 16:52:37,00.05,095,-00.04,00.00,00.03,23.21,32.19,1003.63,-179.9,-178.3,208
2026-01-12 16:52:37,00.06,091,-00.04,00.00,00.04,23.22,32.23,1003.64,-179.9,-178.2,207
2026-01-12 16:52:38,00.06,088,-00.05,-00.00,00.03,23.22,32.19,1003.66,-179.9,-178.2,204
2026-01-12 16:52:38,00.03,107,-00.03,00.01,00.01,23.23,32.21,1003.62,-179.9,-178.2,206
2026-01-12 16:52:38,00.05,084,-00.05,-00.01,00.01,23.23,32.21,1003.61,-180.0,-178.3,207
2026-01-12 16:52:38,00.06,077,-00.05,-00.01,00.03,23.22,32.21,1003.64,-180.0,-178.3,208
2026-01-12 16:52:38,00.06,096,-00.05,00.01,00.03,23.21,32.21,1003.64,-179.9,-178.3,205
2026-01-12 16:52:39,00.05,100,-00.04,00.01,00.02,23.19,32.20,1003.63,-179.9,-178.3,206
2026-01-12 16:52:39,00.07,087,-00.06,-00.00,00.04,23.21,32.24,1003.60,-179.9,-178.2,208
2026-01-12 16:52:39,00.06,076,-00.05,-00.01,00.03,23.23,32.23,1003.60,-179.9,-178.3,206
2026-01-12 16:52:39,00.06,081,-00.06,-00.01,00.02,23.24,32.21,1003.60,-179.9,-178.2,204
2026-01-12 16:52:39,00.05,111,-00.04,00.02,00.02,23.23,32.21,1003.65,-179.9,-178.3,208
2026-01-12 16:52:40,00.05,109,-00.04,00.01,00.03,23.23,32.20,1003.61,-180.0,-178.3,206
2026-01-12 16:52:40,00.05,106,-00.04,00.01,00.02,23.24,32.20,1003.63,-179.9,-178.2,209
2026-01-12 16:52:40,00.04,105,-00.03,00.01,00.02,23.24,32.17,1003.60,-179.9,-178.3,208
2026-01-12 16:52:40,00.06,094,-00.05,00.00,00.04,23.22,32.16,1003.59,-179.9,-178.2,206
2026-01-12 16:52:40,00.07,096,-00.06,00.01,00.04,23.22,32.21,1003.64,-180.0,-178.3,208
2026-01-12 16:52:41,00.04,067,-00.03,-00.01,00.01,23.22,32.20,1003.63,-179.9,-178.2,205
2026-01-12 16:52:41,00.05,077,-00.04,-00.01,00.04,23.22,32.21,1003.62,-179.9,-178.2,206
2026-01-12 16:52:41,00.05,082,-00.04,-00.01,00.03,23.22,32.23,1003.62,-179.9,-178.3,205
2026-01-12 16:52:41,00.05,112,-00.03,00.01,00.03,23.21,32.24,1003.64,-179.9,-178.3,207
2026-01-12 16:52:41,00.07,082,-00.06,-00.01,00.03,23.20,32.21,1003.66,-179.9,-178.2,208
2026-01-12 16:52:42,00.07,081,-00.05,-00.01,00.04,23.20,32.19,1003.64,-180.0,-178.3,207
2026-01-12 16:52:42,00.06,082,-00.04,-00.01,00.04,23.21,32.19,1003.65,-179.9,-178.3,207
2026-01-12 16:52:42,00.05,102,-00.04,00.01,00.03,23.21,32.23,1003.61,-179.9,-178.3,206
2026-01-12 16:52:42,00.06,093,-00.04,00.00,00.04,23.20,32.19,1003.61,-179.9,-178.2,207
2026-01-12 16:52:42,00.05,097,-00.04,00.00,00.03,23.21,32.23,1003.61,-179.9,-178.3,208
2026-01-12 16:52:43,00.05,096,-00.04,00.00,00.03,23.22,32.21,1003.64,-179.9,-178.3,207
2026-01-12 16:52:43,00.04,103,-00.03,00.01,00.02,23.23,32.20,1003.57,-180.0,-178.2,205
2026-01-12 16:52:43,00.04,095,-00.04,00.00,00.02,23.22,32.21,1003.62,-179.9,-178.3,209
2026-01-12 16:52:43,00.05,117,-00.04,00.02,00.02,23.23,32.20,1003.61,-179.9,-178.2,207
2026-01-12 16:52:43,00.05,149,-00.02,00.03,00.04,23.23,32.23,1003.61,-179.9,-178.2,207
2026-01-12 16:52:44,00.05,142,-00.03,00.03,00.02,23.23,32.16,1003.60,-180.0,-178.3,205
2026-01-12 16:52:44,00.04,130,-00.02,00.02,00.03,23.21,32.21,1003.60,-179.9,-178.2,207
2026-01-12 16:52:44,00.06,101,-00.04,00.01,00.04,23.23,32.17,1003.58,-179.9,-178.3,207
2026-01-12 16:52:44,00.06,076,-00.05,-00.01,00.03,23.21,32.21,1003.66,-179.9,-178.2,208
2026-01-12 16:52:44,00.05,090,-00.04,-00.00,00.03,23.23,32.19,1003.64,-179.9,-178.3,208
2026-01-12 16:52:45,00.03,095,-00.02,00.00,00.02,23.22,32.23,1003.58,-179.9,-178.3,209
2026-01-12 16:52:45,00.04,117,-00.03,00.01,00.03,23.21,32.19,1003.63,-179.9,-178.3,206
2026-01-12 16:52:45,00.06,064,-00.04,-00.02,00.04,23.21,32.21,1003.62,-179.9,-178.2,210
2026-01-12 16:52:45,00.05,077,-00.04,-00.01,00.03,23.19,32.19,1003.62,-180.0,-178.2,210
2026-01-12 16:52:45,00.05,115,-00.04,00.02,00.03,23.18,32.21,1003.61,-180.0,-178.2,207
2026-01-12 16:52:46,00.03,107,-00.03,00.01,00.02,23.20,32.19,1003.60,-179.9,-178.2,207
2026-01-12 16:52:46,00.04,089,-00.03,-00.00,00.02,23.21,32.20,1003.61,-179.9,-178.3,208
2026-01-12 16:52:46,00.05,097,-00.04,00.00,00.02,23.19,32.23,1003.60,-179.9,-178.2,208
2026-01-12 16:52:46,00.03,087,-00.03,-00.00,00.01,23.19,32.24,1003.62,-179.9,-178.2,206
2026-01-12 16:52:46,00.04,122,-00.03,00.02,00.02,23.20,32.22,1003.63,-179.9,-178.3,207
2026-01-12 16:52:47,00.03,130,-00.01,00.01,00.02,23.19,32.19,1003.58,-179.9,-178.2,207
2026-01-12 16:52:47,00.05,107,-00.04,00.01,00.04,23.19,32.21,1003.65,-179.9,-178.2,207
2026-01-12 16:52:47,00.05,104,-00.05,00.01,00.02,23.19,32.19,1003.61,-179.9,-178.2,209
2026-01-12 16:52:47,00.06,117,-00.04,00.02,00.03,23.19,32.26,1003.58,-179.9,-178.3,206
2026-01-12 16:52:47,00.04,131,-00.03,00.02,00.02,23.20,32.23,1003.63,-179.9,-178.3,209
2026-01-12 16:52:48,00.03,095,-00.02,00.00,00.02,23.20,32.23,1003.63,-179.9,-178.2,207
2026-01-12 16:52:48,00.04,101,-00.03,00.01,00.03,23.21,32.20,1003.64,-179.9,-178.3,207
2026-01-12 16:52:48,00.05,097,-00.03,00.00,00.03,23.20,32.20,1003.63,-179.9,-178.2,206
2026-01-12 16:52:48,00.03,100,-00.03,00.00,00.01,23.20,32.21,1003.60,-179.9,-178.2,208
2026-01-12 16:52:48,00.05,114,-00.04,00.02,00.02,23.19,32.26,1003.60,-179.9,-178.3,207
2026-01-12 16:52:49,00.03,117,-00.02,00.01,00.02,23.20,32.23,1003.65,-179.9,-178.3,206
2026-01-12 16:52:49,00.04,102,-00.03,00.01,00.03,23.19,32.19,1003.62,-180.0,-178.2,205
2026-01-12 16:52:49,00.04,106,-00.03,00.01,00.02,23.19,32.21,1003.62,-179.9,-178.2,208
2026-01-12 16:52:49,00.06,115,-00.04,00.02,00.04,23.18,32.20,1003.63,-179.9,-178.2,209
2026-01-12 16:52:49,00.06,095,-00.05,00.00,00.04,23.17,32.23,1003.61,-180.0,-178.3,208
2026-01-12 16:52:50,00.05,120,-00.04,00.02,00.03,23.17,32.23,1003.61,-179.9,-178.2,206
2026-01-12 16:52:50,00.06,099,-00.05,00.01,00.04,23.17,32.20,1003.60,-179.9,-178.2,206
2026-01-12 16:52:50,00.06,097,-00.05,00.01,00.04,23.17,32.20,1003.61,-179.9,-178.2,209
2026-01-12 16:52:50,00.04,112,-00.03,00.01,00.03,23.17,32.23,1003.63,-179.9,-178.3,210
2026-01-12 16:52:50,00.05,125,-00.03,00.02,00.03,23.18,32.20,1003.62,-179.9,-178.2,207
2026-01-12 16:52:51,00.07,114,-00.05,00.02,00.04,23.17,32.24,1003.61,-179.9,-178.2,210
2026-01-12 16:52:51,00.07,104,-00.05,00.01,00.03,23.17,32.21,1003.61,-179.9,-178.3,208
2026-01-12 16:52:51,00.05,106,-00.04,00.01,00.03,23.19,32.24,1003.63,-179.9,-178.2,210
2026-01-12 16:52:51,00.06,116,-00.04,00.02,00.04,23.17,32.21,1003.61,-180.0,-178.2,208
2026-01-12 16:52:51,00.07,080,-00.05,-00.01,00.05,23.18,32.23,1003.65,-179.9,-178.2,206
2026-01-12 16:52:52,00.03,140,-00.02,00.02,00.01,23.18,32.27,1003.61,-180.0,-178.3,207
2026-01-12 16:52:52,00.04,102,-00.03,00.01,00.03,23.18,32.24,1003.65,-179.9,-178.3,207
2026-01-12 16:52:52,00.04,116,-00.02,00.01,00.04,23.17,32.23,1003.63,-179.9,-178.2,210
2026-01-12 16:52:52,00.03,095,-00.02,00.00,00.02,23.16,32.24,1003.63,-179.9,-178.3,206
2026-01-12 16:52:52,00.04,137,-00.02,00.03,00.02,23.16,32.21,1003.65,-179.9,-178.2,209
2026-01-12 16:52:53,00.03,159,-00.01,00.03,00.02,23.15,32.21,1003.63,-179.9,-178.2,208
2026-01-12 16:52:53,00.04,121,-00.02,00.01,00.03,23.14,32.20,1003.66,-179.9,-178.3,211
2026-01-12 16:52:53,00.06,095,-00.04,00.00,00.03,23.13,32.26,1003.63,-179.9,-178.3,206
2026-01-12 16:52:53,00.05,094,-00.04,00.00,00.03,23.13,32.23,1003.60,-179.9,-178.2,209
2026-01-12 16:52:53,00.07,120,-00.04,00.03,00.05,23.12,32.31,1003.62,-179.9,-178.3,210
2026-01-12 16:52:54,00.06,102,-00.04,00.01,00.04,23.14,32.23,1003.61,-180.0,-178.3,207
2026-01-12 16:52:54,00.05,111,-00.04,00.01,00.03,23.14,32.26,1003.66,-180.0,-178.3,205
2026-01-12 16:52:54,00.04,143,-00.02,00.03,00.02,23.12,32.28,1003.63,-179.9,-178.2,205
2026-01-12 16:52:54,00.06,078,-00.04,-00.01,00.04,23.11,32.28,1003.62,-180.0,-178.3,207
2026-01-12 16:52:54,00.05,114,-00.03,00.01,00.04,23.11,32.23,1003.63,-179.9,-178.2,208
2026-01-12 16:52:55,00.05,124,-00.04,00.03,00.03,23.13,32.24,1003.62,-179.9,-178.3,211
2026-01-12 16:52:55,00.03,075,-00.02,-00.01,00.01,23.12,32.26,1003.62,-179.9,-178.2,206
2026-01-12 16:52:55,00.03,083,-00.03,-00.00,00.01,23.13,32.30,1003.65,-180.0,-178.2,209
2026-01-12 16:52:55,00.04,114,-00.03,00.01,00.03,23.12,32.24,1003.64,-179.9,-178.2,208
2026-01-12 16:52:55,00.04,087,-00.02,-00.00,00.03,23.12,32.24,1003.63,-179.9,-178.2,208
2026-01-12 16:52:56,00.05,082,-00.03,-00.00,00.04,23.12,32.22,1003.64,-180.0,-178.3,208
2026-01-12 16:52:56,00.05,087,-00.04,-00.00,00.03,23.15,32.20,1003.64,-179.9,-178.2,210
2026-01-12 16:52:56,00.04,094,-00.03,00.00,00.03,23.16,32.24,1003.64,-180.0,-178.2,207
2026-01-12 16:52:56,00.05,130,-00.03,00.02,00.04,23.15,32.30,1003.62,-179.9,-178.3,209
2026-01-12 16:52:56,00.05,122,-00.04,00.02,00.03,23.15,32.26,1003.64,-180.0,-178.2,208
2026-01-12 16:52:57,00.05,102,-00.04,00.01,00.03,23.16,32.24,1003.65,-179.9,-178.2,209
2026-01-12 16:52:57,00.05,132,-00.02,00.02,00.04,23.16,32.30,1003.66,-179.9,-178.2,206
2026-01-12 16:52:57,00.05,070,-00.02,-00.01,00.04,23.17,32.24,1003.65,-179.9,-178.2,208
2026-01-12 16:52:57,00.05,094,-00.04,00.00,00.03,23.15,32.28,1003.68,-179.9,-178.2,207
2026-01-12 16:52:57,00.06,081,-00.05,-00.01,00.03,23.16,32.24,1003.64,-179.9,-178.2,210
2026-01-12 16:52:58,00.06,089,-00.05,-00.00,00.03,23.16,32.28,1003.64,-179.9,-178.2,208
2026-01-12 16:52:58,00.04,110,-00.03,00.01,00.02,23.17,32.29,1003.67,-180.0,-178.2,208
2026-01-12 16:52:58,00.06,111,-00.04,00.02,00.03,23.16,32.24,1003.67,-179.9,-178.3,207
2026-01-12 16:52:58,00.06,091,-00.05,00.00,00.04,23.18,32.23,1003.66,-180.0,-178.2,211
2026-01-12 16:52:58,00.06,079,-00.04,-00.01,00.04,23.18,32.23,1003.66,-179.9,-178.2,206
2026-01-12 16:52:59,00.03,077,-00.02,-00.01,00.02,23.18,32.27,1003.64,-179.9,-178.2,207
2026-01-12 16:52:59,00.05,092,-00.04,00.00,00.03,23.16,32.28,1003.67,-179.9,-178.2,208
2026-01-12 16:52:59,00.06,087,-00.05,-00.00,00.03,23.17,32.28,1003.64,-179.9,-178.2,206
2026-01-12 16:52:59,00.06,100,-00.04,00.01,00.04,23.17,32.28,1003.64,-179.9,-178.3,210
2026-01-12 16:52:59,00.05,082,-00.05,-00.01,00.03,23.18,32.28,1003.65,-179.9,-178.2,208
2026-01-12 16:53:00,00.06,072,-00.04,-00.01,00.03,23.15,32.31,1003.63,-179.9,-178.3,209
2026-01-12 16:53:00,00.07,094,-00.05,00.00,00.04,23.17,32.24,1003.64,-179.9,-178.2,205
2026-01-12 16:53:00,00.06,108,-00.05,00.02,00.03,23.17,32.24,1003.66,-180.0,-178.2,208
2026-01-12 16:53:00,00.05,103,-00.04,00.01,00.03,23.16,32.26,1003.64,-179.9,-178.2,209
2026-01-12 16:53:00,00.05,097,-00.03,00.00,00.04,23.15,32.24,1003.61,-180.0,-178.3,208
2026-01-12 16:53:01,00.04,068,-00.02,-00.01,00.03,23.17,32.27,1003.63,-179.9,-178.3,205
2026-01-12 16:53:01,00.05,065,-00.03,-00.01,00.04,23.16,32.20,1003.64,-180.0,-178.3,208
2026-01-12 16:53:01,00.04,078,-00.03,-00.01,00.03,23.16,32.28,1003.65,-180.0,-178.2,210
2026-01-12 16:53:01,00.04,073,-00.03,-00.01,00.02,23.16,32.27,1003.62,-179.9,-178.2,207
2026-01-12 16:53:01,00.05,092,-00.03,00.00,00.03,23.18,32.28,1003.63,-179.9,-178.3,211
2026-01-12 16:53:02,00.04,072,-00.03,-00.01,00.03,23.17,32.28,1003.62,-179.9,-178.3,210
2026-01-12 16:53:02,00.04,100,-00.03,00.00,00.03,23.18,32.30,1003.64,-179.9,-178.2,209
2026-01-12 16:53:02,00.06,090,-00.04,-00.00,00.04,23.17,32.27,1003.63,-179.9,-178.2,209
2026-01-12 16:53:02,00.03,097,-00.03,00.00,00.01,23.18,32.30,1003.60,-179.9,-178.2,210
2026-01-12 16:53:02,00.05,096,-00.04,00.00,00.03,23.16,32.26,1003.62,-179.9,-178.3,208
2026-01-12 16:53:03,00.04,076,-00.03,-00.01,00.03,23.16,32.30,1003.64,-179.9,-178.3,210
2026-01-12 16:53:03,00.04,096,-00.03,00.00,00.03,23.17,32.27,1003.61,-179.9,-178.3,209
2026-01-12 16:53:03,00.06,076,-00.05,-00.01,00.03,23.18,32.28,1003.63,-180.0,-178.2,207
2026-01-12 16:53:03,00.05,100,-00.03,00.01,00.04,23.18,32.27,1003.64,-179.9,-178.3,210
2026-01-12 16:53:03,00.04,093,-00.03,00.00,00.03,23.18,32.27,1003.62,-180.0,-178.3,207
2026-01-12 16:53:04,00.04,093,-00.04,00.00,00.01,23.18,32.27,1003.67,-179.9,-178.3,208
2026-01-12 16:53:04,00.04,092,-00.03,00.00,00.02,23.18,32.30,1003.59,-179.9,-178.3,209
2026-01-12 16:53:04,00.06,118,-00.04,00.02,00.05,23.18,32.30,1003.64,-180.0,-178.3,210
2026-01-12 16:53:04,00.05,109,-00.04,00.01,00.03,23.19,32.27,1003.59,-179.9,-178.3,209
2026-01-12 16:53:04,00.05,088,-00.04,-00.00,00.02,23.20,32.26,1003.61,-180.0,-178.2,209
2026-01-12 16:53:05,00.05,098,-00.04,00.00,00.03,23.19,32.30,1003.61,-179.9,-178.3,208
2026-01-12 16:53:05,00.05,082,-00.03,-00.00,00.04,23.22,32.26,1003.60,-180.0,-178.2,209
2026-01-12 16:53:05,00.04,061,-00.03,-00.02,00.02,23.21,32.30,1003.58,-179.9,-178.2,208
2026-01-12 16:53:05,00.05,067,-00.04,-00.02,00.03,23.22,32.34,1003.61,-179.9,-178.3,210
2026-01-12 16:53:05,00.06,092,-00.04,00.00,00.04,23.22,32.27,1003.59,-180.0,-178.3,205
2026-01-12 16:53:06,00.03,064,-00.03,-00.01,00.02,23.22,32.26,1003.62,-180.0,-178.2,210
2026-01-12 16:53:06,00.04,081,-00.04,-00.01,00.02,23.23,32.30,1003.59,-179.9,-178.3,208
2026-01-12 16:53:06,00.05,084,-00.04,-00.00,00.03,23.22,32.30,1003.64,-180.0,-178.3,208
2026-01-12 16:53:06,00.04,087,-00.04,-00.00,00.02,23.23,32.31,1003.61,-180.0,-178.3,208
2026-01-12 16:53:06,00.04,071,-00.03,-00.01,00.02,23.24,32.28,1003.60,-180.0,-178.2,205
2026-01-12 16:53:07,00.06,095,-00.04,00.00,00.03,23.24,32.28,1003.59,-180.0,-178.3,207
2026-01-12 16:53:07,00.05,104,-00.04,00.01,00.04,23.23,32.28,1003.62,-180.0,-178.3,206
2026-01-12 16:53:07,00.06,105,-00.05,00.01,00.04,23.22,32.33,1003.60,-179.9,-178.2,208
2026-01-12 16:53:07,00.05,074,-00.04,-00.01,00.04,23.22,32.26,1003.60,-179.9,-178.3,206
2026-01-12 16:53:07,00.04,081,-00.03,-00.00,00.02,23.21,32.27,1003.62,-180.0,-178.3,209
2026-01-12 16:53:08,00.06,095,-00.05,00.00,00.04,23.21,32.30,1003.59,-180.0,-178.3,207
2026-01-12 16:53:08,00.05,080,-00.03,-00.01,00.04,23.20,32.28,1003.59,-179.9,-178.2,206
2026-01-12 16:53:08,00.04,069,-00.03,-00.01,00.03,23.19,32.33,1003.60,-179.9,-178.2,208
2026-01-12 16:53:08,00.05,093,-00.03,00.00,00.03,23.19,32.24,1003.60,-179.9,-178.3,208
2026-01-12 16:53:08,00.04,119,-00.03,00.02,00.03,23.18,32.26,1003.61,-179.9,-178.2,206
2026-01-12 16:53:09,00.04,096,-00.02,00.00,00.03,23.16,32.33,1003.59,-180.0,-178.3,210
2026-01-12 16:53:09,00.04,084,-00.02,-00.00,00.04,23.15,32.24,1003.60,-179.9,-178.3,208
2026-01-12 16:53:09,00.03,091,-00.03,00.00,00.02,23.14,32.30,1003.61,-179.9,-178.3,207
2026-01-12 16:53:09,00.06,094,-00.04,00.00,00.05,23.15,32.24,1003.62,-179.9,-178.3,205
2026-01-12 16:53:09,00.04,117,-00.02,00.01,00.03,23.15,32.26,1003.60,-179.9,-178.3,209
2026-01-12 16:53:10,00.04,104,-00.03,00.01,00.02,23.15,32.28,1003.59,-180.0,-178.3,209
2026-01-12 16:53:10,00.05,082,-00.04,-00.01,00.02,23.14,32.28,1003.60,-180.0,-178.3,207
2026-01-12 16:53:10,00.04,090,-00.03,-00.00,00.03,23.16,32.31,1003.61,-180.0,-178.3,208
2026-01-12 16:53:10,00.04,124,-00.03,00.02,00.02,23.17,32.28,1003.60,-179.9,-178.3,208
2026-01-12 16:53:10,00.07,089,-00.06,-00.00,00.04,23.14,32.31,1003.60,-180.0,-178.3,207
2026-01-12 16:53:11,00.06,106,-00.05,00.02,00.02,23.17,32.28,1003.60,-179.9,-178.2,207
2026-01-12 16:53:11,00.06,092,-00.05,00.00,00.02,23.17,32.30,1003.60,-180.0,-178.3,209
2026-01-12 16:53:11,00.05,106,-00.05,00.01,00.02,23.19,32.28,1003.60,-179.9,-178.3,207
2026-01-12 16:53:11,00.06,103,-00.06,00.01,00.02,23.19,32.31,1003.62,-180.0,-178.3,209
2026-01-12 16:53:11,00.06,088,-00.06,-00.00,00.02,23.20,32.31,1003.59,-180.0,-178.3,206
2026-01-12 16:53:12,00.05,105,-00.05,00.01,00.01,23.23,32.30,1003.62,-180.0,-178.3,209
2026-01-12 16:53:12,00.06,101,-00.05,00.01,00.02,23.23,32.24,1003.61,-180.0,-178.3,206
2026-01-12 16:53:12,00.05,101,-00.05,00.01,00.01,23.24,32.26,1003.59,-180.0,-178.3,210
2026-01-12 16:53:12,00.07,111,-00.06,00.02,00.02,23.24,32.27,1003.61,-179.9,-178.3,210
2026-01-12 16:53:12,00.07,107,-00.06,00.02,00.04,23.25,32.30,1003.62,-179.9,-178.2,209
2026-01-12 16:53:13,00.07,091,-00.06,00.00,00.03,23.25,32.31,1003.63,-179.9,-178.2,211
2026-01-12 16:53:13,00.05,093,-00.05,00.00,00.02,23.27,32.28,1003.62,-179.9,-178.2,209
2026-01-12 16:53:13,00.06,085,-00.05,-00.01,00.02,23.26,32.30,1003.65,-180.0,-178.3,208
2026-01-12 16:53:13,00.06,097,-00.05,00.01,00.03,23.27,32.30,1003.62,-179.9,-178.2,209
2026-01-12 16:53:13,00.05,089,-00.04,-00.00,00.02,23.25,32.27,1003.62,-180.0,-178.3,211
2026-01-12 16:53:14,00.04,075,-00.04,-00.01,00.01,23.26,32.36,1003.61,-180.0,-178.3,209
2026-01-12 16:53:14,00.03,069,-00.03,-00.01,00.01,23.27,32.30,1003.61,-179.9,-178.2,207
2026-01-12 16:53:14,00.06,077,-00.05,-00.01,00.03,23.27,32.31,1003.60,-180.0,-178.3,208
2026-01-12 16:53:14,00.05,069,-00.03,-00.01,00.03,23.27,32.28,1003.60,-179.9,-178.2,208
2026-01-12 16:53:14,00.04,074,-00.03,-00.01,00.02,23.29,32.30,1003.62,-180.0,-178.3,206
2026-01-12 16:53:15,00.05,100,-00.04,00.01,00.02,23.28,32.37,1003.59,-179.9,-178.2,211
2026-01-12 16:53:15,00.07,085,-00.05,-00.00,00.04,23.27,32.27,1003.63,-179.9,-178.3,209
2026-01-12 16:53:15,00.05,075,-00.04,-00.01,00.03,23.28,32.34,1003.63,-180.0,-178.2,210
2026-01-12 16:53:15,00.04,091,-00.02,00.00,00.04,23.29,32.31,1003.61,-179.9,-178.3,209
2026-01-12 16:53:15,00.05,077,-00.04,-00.01,00.03,23.27,32.33,1003.61,-180.0,-178.3,210
2026-01-12 16:53:16,00.06,084,-00.06,-00.01,00.03,23.29,32.33,1003.61,-180.0,-178.2,208
2026-01-12 16:53:16,00.06,080,-00.03,-00.00,00.05,23.32,32.28,1003.62,-180.0,-178.2,207
2026-01-12 16:53:16,00.04,039,-00.01,-00.01,00.04,23.28,32.35,1003.57,-179.9,-178.3,206
2026-01-12 16:53:16,00.04,062,-00.03,-00.02,00.01,23.27,32.28,1003.62,-179.9,-178.2,207
2026-01-12 16:53:16,00.08,073,-00.07,-00.02,00.03,23.31,32.31,1003.61,-179.9,-178.2,210
2026-01-12 16:53:17,00.06,086,-00.05,-00.00,00.03,23.31,32.37,1003.63,-179.9,-178.2,206
2026-01-12 16:53:17,00.05,096,-00.05,00.00,00.02,23.29,32.31,1003.61,-180.0,-178.3,208
2026-01-12 16:53:17,00.07,069,-00.06,-00.02,00.04,23.28,32.38,1003.60,-179.9,-178.2,209
2026-01-12 16:53:17,00.06,086,-00.06,-00.00,00.02,23.29,32.30,1003.60,-180.0,-178.3,209
2026-01-12 16:53:17,00.06,100,-00.05,00.01,00.02,23.30,32.35,1003.63,-180.0,-178.3,210
2026-01-12 16:53:18,00.06,098,-00.05,00.01,00.03,23.30,32.37,1003.62,-179.9,-178.2,208
2026-01-12 16:53:18,00.05,112,-00.04,00.02,00.03,23.30,32.31,1003.64,-180.0,-178.3,207
2026-01-12 16:53:18,00.05,081,-00.04,-00.01,00.03,23.29,32.37,1003.59,-179.9,-178.3,209
2026-01-12 16:53:18,00.05,065,-00.03,-00.01,00.03,23.27,32.37,1003.63,-179.9,-178.2,207
2026-01-12 16:53:18,00.04,049,-00.02,-00.02,00.02,23.29,32.32,1003.61,-179.9,-178.3,211
2026-01-12 16:53:19,00.04,101,-00.03,00.01,00.03,23.28,32.33,1003.61,-179.9,-178.2,208
2026-01-12 16:53:19,00.04,065,-00.03,-00.01,00.03,23.27,32.34,1003.66,-180.0,-178.2,208
2026-01-12 16:53:19,00.04,058,-00.03,-00.02,00.02,23.27,32.40,1003.64,-180.0,-178.3,206
2026-01-12 16:53:19,00.05,058,-00.03,-00.02,00.03,23.25,32.35,1003.64,-179.9,-178.2,209
2026-01-12 16:53:19,00.04,052,-00.03,-00.02,00.02,23.26,32.35,1003.59,-179.9,-178.2,208
2026-01-12 16:53:20,00.04,088,-00.03,-00.00,00.02,23.24,32.34,1003.64,-179.9,-178.2,206
2026-01-12 16:53:20,00.06,100,-00.05,00.01,00.03,23.24,32.38,1003.64,-179.9,-178.3,208
2026-01-12 16:53:20,00.06,106,-00.04,00.01,00.03,23.24,32.34,1003.64,-179.9,-178.3,209
2026-01-12 16:53:20,00.04,118,-00.02,00.01,00.03,23.24,32.35,1003.64,-179.9,-178.3,207
2026-01-12 16:53:20,00.04,046,-00.02,-00.02,00.03,23.22,32.37,1003.62,-180.0,-178.3,208
2026-01-12 16:53:21,00.05,055,-00.04,-00.03,00.02,23.21,32.38,1003.63,-180.0,-178.3,207
2026-01-12 16:53:21,00.07,077,-00.06,-00.01,00.03,23.22,32.37,1003.64,-179.9,-178.2,207
2026-01-12 16:53:21,00.06,062,-00.04,-00.02,00.03,23.24,32.38,1003.61,-180.0,-178.3,208
2026-01-12 16:53:21,00.03,048,-00.01,-00.01,00.02,23.23,32.40,1003.62,-179.9,-178.3,208
2026-01-12 16:53:21,00.04,069,-00.02,-00.01,00.03,23.24,32.35,1003.64,-180.0,-178.2,208
2026-01-12 16:53:22,00.05,070,-00.04,-00.01,00.03,23.22,32.38,1003.64,-179.9,-178.2,207
2026-01-12 16:53:22,00.06,091,-00.06,00.00,00.02,23.24,32.37,1003.62,-180.0,-178.3,209
2026-01-12 16:53:22,00.05,095,-00.04,00.00,00.02,23.25,32.37,1003.60,-179.9,-178.2,210
2026-01-12 16:53:22,00.05,091,-00.03,00.00,00.03,23.25,32.37,1003.64,-180.0,-178.2,210
2026-01-12 16:53:22,00.04,040,-00.02,-00.03,00.03,23.23,32.36,1003.61,-179.9,-178.3,208
2026-01-12 16:53:23,00.05,091,-00.04,00.00,00.04,23.21,32.39,1003.64,-179.9,-178.3,207
2026-01-12 16:53:23,00.04,098,-00.03,00.00,00.03,23.22,32.34,1003.66,-180.0,-178.2,209
2026-01-12 16:53:23,00.04,073,-00.03,-00.01,00.03,23.23,32.37,1003.65,-180.0,-178.2,208
2026-01-12 16:53:23,00.04,074,-00.03,-00.01,00.03,23.24,32.35,1003.62,-180.0,-178.3,207
2026-01-12 16:53:23,00.03,097,-00.02,00.00,00.02,23.22,32.34,1003.63,-180.0,-178.2,212
2026-01-12 16:53:24,00.04,095,-00.03,00.00,00.03,23.22,32.35,1003.61,-180.0,-178.2,206
2026-01-12 16:53:24,00.05,112,-00.04,00.02,00.03,23.22,32.37,1003.60,-180.0,-178.2,208
2026-01-12 16:53:24,00.06,109,-00.05,00.02,00.04,23.20,32.37,1003.61,-179.9,-178.3,209
2026-01-12 16:53:24,00.06,106,-00.04,00.01,00.04,23.20,32.40,1003.63,-180.0,-178.3,208
2026-01-12 16:53:24,00.04,078,-00.03,-00.01,00.03,23.21,32.40,1003.64,-179.9,-178.3,210
2026-01-12 16:53:25,00.03,036,-00.02,-00.02,00.02,23.20,32.41,1003.63,-179.9,-178.2,207
2026-01-12 16:53:25,00.03,133,-00.02,00.02,00.01,23.21,32.37,1003.61,-179.9,-178.3,210
2026-01-12 16:53:25,00.05,116,-00.04,00.02,00.01,23.23,32.37,1003.62,-179.9,-178.3,207
2026-01-12 16:53:25,00.06,093,-00.05,00.00,00.04,23.23,32.41,1003.65,-180.0,-178.2,206
2026-01-12 16:53:25,00.05,077,-00.03,-00.01,00.04,23.23,32.38,1003.66,-179.9,-178.3,206
2026-01-12 16:53:26,00.05,015,-00.01,-00.03,00.04,23.22,32.37,1003.64,-179.9,-178.3,208
2026-01-12 16:53:26,00.05,110,-00.04,00.01,00.02,23.21,32.41,1003.64,-179.9,-178.3,209
2026-01-12 16:53:26,00.07,098,-00.07,00.01,00.03,23.23,32.38,1003.64,-180.0,-178.2,207
2026-01-12 16:53:26,00.08,096,-00.08,00.01,00.03,23.26,32.41,1003.63,-180.0,-178.3,206
2026-01-12 16:53:26,00.07,089,-00.06,-00.00,00.04,23.24,32.35,1003.61,-179.9,-178.3,209
2026-01-12 16:53:27,00.03,116,-00.02,00.01,00.02,23.25,32.40,1003.62,-179.9,-178.3,209
2026-01-12 16:53:27,00.03,099,-00.02,00.00,00.02,23.25,32.40,1003.63,-180.0,-178.3,207
2026-01-12 16:53:27,00.04,110,-00.03,00.01,00.03,23.25,32.38,1003.62,-180.0,-178.3,208
2026-01-12 16:53:27,00.05,109,-00.04,00.01,00.03,23.25,32.41,1003.63,-179.9,-178.3,207
2026-01-12 16:53:27,00.07,086,-00.06,-00.00,00.02,23.25,32.37,1003.65,-180.0,-178.3,207
2026-01-12 16:53:28,00.07,083,-00.05,-00.01,00.04,23.26,32.37,1003.61,-179.9,-178.2,208
2026-01-12 16:53:28,00.05,045,-00.03,-00.03,00.03,23.27,32.41,1003.66,-180.0,-178.3,209
2026-01-12 16:53:28,00.04,118,-00.03,00.01,00.02,23.26,32.38,1003.64,-179.9,-178.3,208
2026-01-12 16:53:28,00.05,084,-00.03,-00.00,00.03,23.27,32.41,1003.60,-179.9,-178.3,208
2026-01-12 16:53:28,00.05,100,-00.03,00.01,00.04,23.26,32.39,1003.61,-180.0,-178.3,208
2026-01-12 16:53:29,00.05,085,-00.04,-00.00,00.03,23.27,32.37,1003.65,-179.9,-178.3,211
2026-01-12 16:53:29,00.04,057,-00.03,-00.02,00.02,23.27,32.37,1003.61,-180.0,-178.3,206
2026-01-12 16:53:29,00.05,064,-00.04,-00.02,00.02,23.27,32.41,1003.63,-180.0,-178.3,207
2026-01-12 16:53:29,00.06,089,-00.05,-00.00,00.03,23.29,32.44,1003.63,-180.0,-178.3,207
2026-01-12 16:53:29,00.07,097,-00.05,00.01,00.04,23.29,32.41,1003.64,-179.9,-178.3,210
2026-01-12 16:53:30,00.05,130,-00.02,00.01,00.04,23.29,32.42,1003.62,-180.0,-178.3,209
2026-01-12 16:53:30,00.03,301,00.02,-00.01,00.02,23.28,32.38,1003.62,-180.0,-178.3,209
2026-01-12 16:53:30,00.04,055,-00.02,-00.02,00.03,23.26,32.41,1003.64,-180.0,-178.3,209
2026-01-12 16:53:30,00.07,101,-00.06,00.01,00.04,23.27,32.38,1003.62,-180.0,-178.3,206
2026-01-12 16:53:30,00.09,104,-00.08,00.02,00.04,23.26,32.42,1003.62,-180.0,-178.3,207
2026-01-12 16:53:31,00.06,105,-00.05,00.01,00.03,23.27,32.42,1003.66,-180.0,-178.3,206
2026-01-12 16:53:31,00.04,095,-00.01,00.00,00.04,23.26,32.42,1003.66,-180.0,-178.2,208
2026-01-12 16:53:31,00.04,053,-00.02,-00.01,00.03,23.25,32.42,1003.65,-180.0,-178.3,209
2026-01-12 16:53:31,00.05,083,-00.03,-00.00,00.04,23.24,32.38,1003.62,-179.9,-178.3,207
2026-01-12 16:53:31,00.04,114,-00.03,00.01,00.03,23.22,32.39,1003.65,-180.0,-178.3,207
2026-01-12 16:53:32,00.04,096,-00.03,00.00,00.03,23.22,32.41,1003.64,-179.9,-178.3,208
2026-01-12 16:53:32,00.04,076,-00.02,-00.01,00.03,23.21,32.42,1003.67,-180.0,-178.2,208
2026-01-12 16:53:32,00.04,082,-00.02,-00.00,00.03,23.22,32.38,1003.63,-179.9,-178.2,206
2026-01-12 16:53:32,00.05,082,-00.03,-00.00,00.03,23.21,32.40,1003.66,-180.0,-178.2,206
2026-01-12 16:53:32,00.08,085,-00.05,-00.00,00.05,23.19,32.40,1003.63,-179.9,-178.3,207
2026-01-12 16:53:33,00.06,094,-00.04,00.00,00.05,23.20,32.38,1003.62,-180.0,-178.2,207
2026-01-12 16:53:33,00.07,085,-00.05,-00.00,00.05,23.20,32.38,1003.64,-179.9,-178.3,207
2026-01-12 16:53:33,00.06,096,-00.04,00.00,00.05,23.18,32.42,1003.66,-180.0,-178.3,208
2026-01-12 16:53:33,00.05,085,-00.03,-00.00,00.04,23.19,32.44,1003.61,-179.9,-178.2,207
2026-01-12 16:53:33,00.05,105,-00.03,00.01,00.04,23.19,32.44,1003.65,-179.9,-178.2,208
2026-01-12 16:53:34,00.02,005,-00.00,-00.02,00.01,23.19,32.40,1003.67,-179.9,-178.3,208
2026-01-12 16:53:34,00.03,079,-00.02,-00.00,00.02,23.17,32.40,1003.66,-180.0,-178.3,207
2026-01-12 16:53:34,00.05,067,-00.03,-00.01,00.03,23.17,32.41,1003.64,-179.9,-178.2,209
2026-01-12 16:53:34,00.03,033,-00.01,-00.02,00.03,23.16,32.42,1003.65,-180.0,-178.2,207
2026-01-12 16:53:34,00.06,052,-00.03,-00.03,00.04,23.14,32.44,1003.65,-180.0,-178.2,206
2026-01-12 16:53:35,00.04,085,-00.03,-00.00,00.03,23.12,32.42,1003.68,-179.9,-178.3,207
2026-01-12 16:53:35,00.03,134,-00.01,00.01,00.03,23.11,32.41,1003.64,-180.0,-178.2,208
2026-01-12 16:53:35,00.00,024,-00.00,-00.00,00.00,23.11,32.42,1003.66,-180.0,-178.3,209
2026-01-12 16:53:35,00.03,125,-00.02,00.01,00.02,23.09,32.37,1003.65,-180.0,-178.2,205
2026-01-12 16:53:35,00.04,034,-00.01,-00.02,00.03,23.08,32.41,1003.66,-179.9,-178.3,208
2026-01-12 16:53:36,00.05,074,-00.03,-00.01,00.04,23.07,32.41,1003.66,-180.0,-178.3,206
2026-01-12 16:53:36,00.06,066,-00.04,-00.02,00.04,23.07,32.41,1003.67,-180.0,-178.2,206
2026-01-12 16:53:36,00.05,063,-00.03,-00.01,00.04,23.08,32.39,1003.67,-179.9,-178.3,208
2026-01-12 16:53:36,00.03,087,-00.01,-00.00,00.02,23.09,32.40,1003.68,-179.9,-178.3,208
2026-01-12 16:53:36,00.03,009,-00.00,-00.02,00.02,23.09,32.43,1003.67,-180.0,-178.2,208
2026-01-12 16:53:37,00.03,010,-00.00,-00.02,00.02,23.10,32.42,1003.67,-180.0,-178.2,207
2026-01-12 16:53:37,00.04,087,-00.02,-00.00,00.03,23.10,32.42,1003.64,-180.0,-178.3,207
2026-01-12 16:53:37,00.05,103,-00.04,00.01,00.04,23.10,32.35,1003.67,-179.9,-178.3,211
2026-01-12 16:53:37,00.05,089,-00.04,-00.00,00.03,23.10,32.35,1003.64,-179.9,-178.3,211
2026-01-12 16:53:37,00.06,074,-00.04,-00.01,00.04,23.10,32.40,1003.67,-179.9,-178.2,209
2026-01-12 16:53:38,00.04,069,-00.02,-00.01,00.03,23.10,32.41,1003.67,-179.9,-178.3,207
2026-01-12 16:53:38,00.04,062,-00.02,-00.01,00.03,23.12,32.34,1003.67,-180.0,-178.2,208
2026-01-12 16:53:38,00.04,133,-00.02,00.02,00.02,23.11,32.42,1003.67,-180.0,-178.2,208
2026-01-12 16:53:38,00.04,065,-00.02,-00.01,00.04,23.12,32.35,1003.67,-179.9,-178.3,206
2026-01-12 16:53:38,00.05,098,-00.04,00.01,00.03,23.12,32.41,1003.63,-179.9,-178.3,209
2026-01-12 16:53:39,00.05,111,-00.03,00.01,00.03,23.13,32.35,1003.67,-179.9,-178.2,208
2026-01-12 16:53:39,00.05,115,-00.03,00.02,00.04,23.12,32.36,1003.67,-179.9,-178.3,208
2026-01-12 16:53:39,00.05,094,-00.04,00.00,00.03,23.12,32.35,1003.66,-179.9,-178.3,208
2026-01-12 16:53:39,00.04,080,-00.03,-00.01,00.03,23.11,32.40,1003.68,-180.0,-178.3,210
2026-01-12 16:53:39,00.05,102,-00.04,00.01,00.04,23.11,32.34,1003.66,-180.0,-178.3,207
2026-01-12 16:53:40,00.07,090,-00.05,00.00,00.05,23.12,32.33,1003.68,-180.0,-178.3,208
2026-01-12 16:53:40,00.03,090,-00.03,00.00,00.02,23.13,32.31,1003.69,-179.9,-178.3,207
2026-01-12 16:53:40,00.05,077,-00.03,-00.01,00.03,23.11,32.33,1003.69,-179.9,-178.3,209
2026-01-12 16:53:40,00.04,069,-00.03,-00.01,00.03,23.13,32.34,1003.69,-179.9,-178.3,208
2026-01-12 16:53:40,00.04,092,-00.03,00.00,00.02,23.13,32.38,1003.65,-179.9,-178.2,210
2026-01-12 16:53:41,00.04,111,-00.03,00.01,00.03,23.13,32.35,1003.69,-180.0,-178.2,207
2026-01-12 16:53:41,00.05,118,-00.03,00.02,00.03,23.13,32.34,1003.68,-179.9,-178.2,208
2026-01-12 16:53:41,00.06,074,-00.05,-00.01,00.04,23.12,32.31,1003.68,-179.9,-178.3,207
2026-01-12 16:53:41,00.07,080,-00.06,-00.01,00.05,23.10,32.35,1003.68,-179.9,-178.2,209
2026-01-12 16:53:41,00.06,047,-00.03,-00.03,00.04,23.12,32.38,1003.68,-180.0,-178.3,207
2026-01-12 16:53:42,00.05,042,-00.03,-00.03,00.03,23.12,32.27,1003.70,-179.9,-178.3,206
2026-01-12 16:53:42,00.05,085,-00.03,-00.00,00.04,23.12,32.34,1003.68,-179.9,-178.2,208
2026-01-12 16:53:42,00.05,090,-00.03,00.00,00.03,23.13,32.34,1003.69,-179.9,-178.2,207
2026-01-12 16:53:42,00.06,066,-00.04,-00.02,00.04,23.13,32.33,1003.66,-179.9,-178.3,209
2026-01-12 16:53:42,00.05,082,-00.03,-00.00,00.04,23.13,32.28,1003.71,-180.0,-178.2,206
2026-01-12 16:53:43,00.06,070,-00.05,-00.02,00.04,23.14,32.34,1003.68,-180.0,-178.2,207
2026-01-12 16:53:43,00.05,056,-00.03,-00.02,00.03,23.14,32.33,1003.67,-180.0,-178.3,208
2026-01-12 16:53:43,00.05,078,-00.04,-00.01,00.03,23.15,32.28,1003.67,-179.9,-178.3,211
2026-01-12 16:53:43,00.07,065,-00.05,-00.02,00.03,23.15,32.31,1003.67,-180.0,-178.2,209
2026-01-12 16:53:43,00.05,078,-00.04,-00.01,00.03,23.17,32.34,1003.70,-179.9,-178.3,208
2026-01-12 16:53:44,00.06,077,-00.04,-00.01,00.04,23.16,32.33,1003.69,-179.9,-178.2,209
2026-01-12 16:53:44,00.05,078,-00.04,-00.01,00.03,23.15,32.33,1003.67,-179.9,-178.2,207
2026-01-12 16:53:44,00.04,097,-00.03,00.00,00.03,23.16,32.34,1003.67,-179.9,-178.3,209
2026-01-12 16:53:44,00.06,080,-00.04,-00.01,00.04,23.17,32.30,1003.64,-179.9,-178.3,208
2026-01-12 16:53:44,00.05,106,-00.04,00.01,00.04,23.17,32.35,1003.64,-180.0,-178.2,207
2026-01-12 16:53:45,00.05,118,-00.03,00.02,00.03,23.19,32.30,1003.66,-179.9,-178.2,206
2026-01-12 16:53:45,00.02,082,-00.02,-00.00,00.02,23.20,32.30,1003.68,-179.9,-178.3,207
2026-01-12 16:53:45,00.06,070,-00.03,-00.01,00.04,23.19,32.28,1003.67,-180.0,-178.3,209
2026-01-12 16:53:45,00.05,060,-00.02,-00.01,00.04,23.18,32.35,1003.69,-179.9,-178.3,209
2026-01-12 16:53:45,00.04,083,-00.02,-00.00,00.03,23.18,32.33,1003.66,-179.9,-178.2,207
2026-01-12 16:53:46,00.03,121,-00.01,00.01,00.03,23.19,32.31,1003.68,-179.9,-178.2,208
2026-01-12 16:53:46,00.04,063,-00.02,-00.01,00.03,23.18,32.26,1003.66,-180.0,-178.3,208
2026-01-12 16:53:46,00.04,084,-00.03,-00.00,00.03,23.16,32.33,1003.64,-180.0,-178.2,207
2026-01-12 16:53:46,00.04,067,-00.03,-00.01,00.02,23.16,32.34,1003.67,-179.9,-178.3,208
2026-01-12 16:53:46,00.03,061,-00.03,-00.02,00.01,23.16,32.28,1003.69,-180.0,-178.3,209
2026-01-12 16:53:47,00.03,088,-00.02,-00.00,00.02,23.16,32.28,1003.63,-179.9,-178.2,206
2026-01-12 16:53:47,00.04,088,-00.02,-00.00,00.04,23.15,32.28,1003.67,-179.9,-178.2,210
2026-01-12 16:53:47,00.04,087,-00.03,-00.00,00.02,23.16,32.31,1003.68,-179.9,-178.3,207
2026-01-12 16:53:47,00.04,060,-00.02,-00.01,00.03,23.17,32.28,1003.66,-179.9,-178.2,207
2026-01-12 16:53:47,00.05,075,-00.02,-00.01,00.04,23.16,32.27,1003.64,-179.9,-178.3,211
2026-01-12 16:53:48,00.05,082,-00.02,-00.00,00.04,23.16,32.31,1003.68,-179.9,-178.2,208
2026-01-12 16:53:48,00.03,047,-00.01,-00.01,00.02,23.17,32.30,1003.64,-180.0,-178.2,209
2026-01-12 16:53:48,00.05,066,-00.03,-00.01,00.04,23.17,32.28,1003.69,-180.0,-178.2,210
2026-01-12 16:53:48,00.06,091,-00.05,00.00,00.04,23.15,32.28,1003.65,-179.9,-178.2,209
2026-01-12 16:53:48,00.05,099,-00.04,00.01,00.02,23.15,32.30,1003.66,-179.9,-178.3,209
2026-01-12 16:53:49,00.02,114,-00.02,00.01,00.01,23.16,32.27,1003.66,-179.9,-178.2,210
2026-01-12 16:53:49,00.03,075,-00.03,-00.01,00.02,23.16,32.27,1003.67,-180.0,-178.3,207
2026-01-12 16:53:49,00.04,126,-00.03,00.02,00.03,23.16,32.28,1003.67,-179.9,-178.3,209
2026-01-12 16:53:49,00.05,118,-00.03,00.02,00.03,23.14,32.27,1003.70,-179.9,-178.3,207
2026-01-12 16:53:49,00.05,066,-00.02,-00.01,00.04,23.12,32.28,1003.63,-179.9,-178.2,208
2026-01-12 16:53:50,00.05,065,-00.03,-00.01,00.04,23.14,32.26,1003.68,-179.9,-178.2,208
2026-01-12 16:53:50,00.04,069,-00.03,-00.01,00.03,23.14,32.27,1003.63,-179.9,-178.3,207
2026-01-12 16:53:50,00.05,055,-00.02,-00.02,00.04,23.12,32.28,1003.63,-180.0,-178.3,209
2026-01-12 16:53:50,00.06,076,-00.03,-00.01,00.05,23.13,32.24,1003.66,-179.9,-178.3,208
2026-01-12 16:53:50,00.05,061,-00.02,-00.01,00.04,23.14,32.29,1003.64,-180.0,-178.2,208
2026-01-12 16:53:51,00.03,101,-00.02,00.00,00.02,23.15,32.23,1003.66,-179.9,-178.3,208
2026-01-12 16:53:51,00.04,106,-00.03,00.01,00.03,23.13,32.33,1003.66,-179.9,-178.3,207
2026-01-12 16:53:51,00.07,088,-00.05,-00.00,00.04,23.13,32.27,1003.63,-179.9,-178.2,208
2026-01-12 16:53:51,00.04,077,-00.03,-00.01,00.03,23.13,32.24,1003.68,-179.9,-178.2,209
2026-01-12 16:53:51,00.02,123,-00.01,00.01,00.02,23.13,32.26,1003.67,-180.0,-178.3,208
2026-01-12 16:53:52,00.04,057,-00.02,-00.01,00.03,23.11,32.27,1003.65,-180.0,-178.2,205
2026-01-12 16:53:52,00.04,075,-00.03,-00.01,00.03,23.11,32.24,1003.65,-179.9,-178.2,208
2026-01-12 16:53:52,00.07,081,-00.03,-00.01,00.06,23.11,32.26,1003.64,-179.9,-178.3,210
2026-01-12 16:53:52,00.04,085,-00.03,-00.00,00.03,23.12,32.27,1003.62,-180.0,-178.2,207
2026-01-12 16:53:52,00.04,022,-00.01,-00.02,00.03,23.13,32.28,1003.66,-179.9,-178.3,208
2026-01-12 16:53:53,00.04,074,-00.03,-00.01,00.03,23.12,32.26,1003.64,-179.9,-178.3,207
2026-01-12 16:53:53,00.06,074,-00.04,-00.01,00.03,23.11,32.24,1003.63,-180.0,-178.2,206
2026-01-12 16:53:53,00.06,093,-00.05,00.00,00.04,23.11,32.26,1003.61,-179.9,-178.2,208
2026-01-12 16:53:53,00.06,073,-00.04,-00.01,00.03,23.11,32.28,1003.63,-179.9,-178.2,208
2026-01-12 16:53:53,00.05,072,-00.04,-00.01,00.04,23.12,32.28,1003.62,-180.0,-178.2,207
2026-01-12 16:53:54,00.05,076,-00.03,-00.01,00.04,23.13,32.26,1003.64,-179.9,-178.3,208
2026-01-12 16:53:54,00.05,070,-00.03,-00.01,00.04,23.13,32.27,1003.64,-179.9,-178.2,208
2026-01-12 16:53:54,00.04,101,-00.03,00.01,00.03,23.13,32.28,1003.61,-179.9,-178.2,208
2026-01-12 16:53:54,00.03,065,-00.03,-00.01,00.02,23.15,32.24,1003.59,-180.0,-178.2,209
2026-01-12 16:53:54,00.07,072,-00.06,-00.02,00.03,23.16,32.28,1003.60,-180.0,-178.3,207
2026-01-12 16:53:55,00.06,061,-00.04,-00.02,00.04,23.15,32.27,1003.61,-179.9,-178.3,208
2026-01-12 16:53:55,00.05,067,-00.04,-00.02,00.03,23.15,32.26,1003.62,-179.9,-178.2,207
2026-01-12 16:53:55,00.04,082,-00.03,-00.00,00.03,23.16,32.27,1003.60,-179.9,-178.2,207
2026-01-12 16:53:55,00.03,129,-00.01,00.01,00.02,23.18,32.30,1003.61,-179.9,-178.2,208
2026-01-12 16:53:55,00.03,094,-00.02,00.00,00.02,23.18,32.28,1003.62,-179.9,-178.3,208
2026-01-12 16:53:56,00.05,064,-00.04,-00.02,00.02,23.18,32.28,1003.61,-179.9,-178.2,208
2026-01-12 16:53:56,00.06,077,-00.05,-00.01,00.04,23.18,32.23,1003.64,-179.9,-178.2,207
2026-01-12 16:53:56,00.07,078,-00.05,-00.01,00.04,23.19,32.29,1003.63,-179.9,-178.2,206
2026-01-12 16:53:56,00.04,094,-00.03,00.00,00.03,23.20,32.26,1003.64,-179.9,-178.2,208
2026-01-12 16:53:56,00.05,082,-00.04,-00.01,00.03,23.20,32.27,1003.62,-179.9,-178.3,206
2026-01-12 16:53:57,00.05,073,-00.04,-00.01,00.03,23.16,32.24,1003.61,-180.0,-178.2,210
2026-01-12 16:53:57,00.06,109,-00.05,00.02,00.02,23.14,32.28,1003.62,-179.9,-178.3,209
2026-01-12 16:53:57,00.06,112,-00.06,00.02,00.02,23.11,32.28,1003.63,-179.9,-178.3,209
2026-01-12 16:53:57,00.06,114,-00.05,00.02,00.03,23.09,32.30,1003.62,-180.0,-178.2,208
2026-01-12 16:53:57,00.07,100,-00.06,00.01,00.02,23.08,32.26,1003.58,-179.9,-178.3,208
2026-01-12 16:53:58,00.06,095,-00.05,00.00,00.03,23.09,32.28,1003.63,-180.0,-178.2,207
2026-01-12 16:53:58,00.05,114,-00.04,00.02,00.02,23.08,32.30,1003.62,-179.9,-178.3,208
2026-01-12 16:53:58,00.06,088,-00.05,-00.00,00.03,23.09,32.26,1003.58,-179.9,-178.3,207
2026-01-12 16:53:58,00.05,073,-00.04,-00.01,00.03,23.09,32.33,1003.62,-179.9,-178.3,209
2026-01-12 16:53:58,00.05,101,-00.03,00.01,00.03,23.11,32.30,1003.63,-179.9,-178.3,206
2026-01-12 16:53:59,00.04,082,-00.03,-00.00,00.02,23.11,32.27,1003.58,-179.9,-178.3,209
2026-01-12 16:53:59,00.07,089,-00.07,-00.00,00.02,23.13,32.27,1003.62,-180.0,-178.2,206
2026-01-12 16:53:59,00.07,083,-00.06,-00.01,00.04,23.12,32.27,1003.59,-179.9,-178.3,208
2026-01-12 16:53:59,00.05,099,-00.05,00.01,00.03,23.13,32.30,1003.62,-179.9,-178.2,208
2026-01-12 16:53:59,00.05,087,-00.05,-00.00,00.01,23.14,32.30,1003.63,-180.0,-178.3,209
2026-01-12 16:54:00,00.07,080,-00.06,-00.01,00.03,23.14,32.27,1003.60,-180.0,-178.3,207
2026-01-12 16:54:00,00.06,072,-00.04,-00.01,00.03,23.13,32.27,1003.58,-179.9,-178.3,209
2026-01-12 16:54:00,00.06,084,-00.04,-00.00,00.05,23.11,32.33,1003.62,-179.9,-178.2,207
2026-01-12 16:54:00,00.05,105,-00.04,00.01,00.03,23.13,32.30,1003.61,-179.9,-178.2,211
2026-01-12 16:54:00,00.06,082,-00.05,-00.01,00.03,23.14,32.27,1003.60,-179.9,-178.3,207
2026-01-12 16:54:01,00.05,082,-00.04,-00.01,00.03,23.13,32.27,1003.58,-179.9,-178.3,207
2026-01-12 16:54:01,00.05,087,-00.04,-00.00,00.03,23.13,32.28,1003.64,-180.0,-178.3,207
2026-01-12 16:54:01,00.04,085,-00.03,-00.00,00.03,23.13,32.23,1003.62,-179.9,-178.2,206
2026-01-12 16:54:01,00.04,063,-00.03,-00.02,00.02,23.14,32.30,1003.62,-180.0,-178.3,209
2026-01-12 16:54:01,00.04,059,-00.03,-00.02,00.02,23.12,32.26,1003.60,-179.9,-178.3,207
2026-01-12 16:54:02,00.03,051,-00.02,-00.02,00.02,23.14,32.28,1003.64,-179.9,-178.2,207
2026-01-12 16:54:02,00.04,078,-00.03,-00.01,00.03,23.14,32.30,1003.63,-179.9,-178.2,208
2026-01-12 16:54:02,00.05,075,-00.04,-00.01,00.02,23.14,32.30,1003.59,-179.9,-178.2,209
2026-01-12 16:54:02,00.04,069,-00.03,-00.01,00.03,23.15,32.30,1003.65,-179.9,-178.3,206
2026-01-12 16:54:02,00.04,090,-00.02,00.00,00.03,23.15,32.26,1003.63,-179.9,-178.2,208
2026-01-12 16:54:03,00.05,105,-00.03,00.01,00.04,23.13,32.26,1003.61,-179.9,-178.2,208
2026-01-12 16:54:03,00.05,085,-00.04,-00.00,00.02,23.15,32.33,1003.62,-179.9,-178.3,206
2026-01-12 16:54:03,00.06,081,-00.05,-00.01,00.04,23.14,32.32,1003.58,-180.0,-178.2,212
2026-01-12 16:54:03,00.05,087,-00.04,-00.00,00.03,23.16,32.31,1003.63,-179.9,-178.2,205
2026-01-12 16:54:03,00.03,080,-00.02,-00.00,00.02,23.17,32.31,1003.60,-179.9,-178.2,209
2026-01-12 16:54:04,00.05,043,-00.02,-00.03,00.03,23.17,32.31,1003.60,-180.0,-178.3,206
2026-01-12 16:54:04,00.06,057,-00.04,-00.03,00.03,23.15,32.28,1003.64,-179.9,-178.2,209
2026-01-12 16:54:04,00.07,079,-00.05,-00.01,00.04,23.15,32.26,1003.64,-180.0,-178.3,210
2026-01-12 16:54:04,00.05,080,-00.04,-00.01,00.04,23.16,32.27,1003.64,-179.9,-178.3,209
2026-01-12 16:54:04,00.06,088,-00.05,-00.00,00.03,23.14,32.31,1003.63,-179.9,-178.3,207
2026-01-12 16:54:05,00.04,059,-00.02,-00.01,00.03,23.15,32.27,1003.63,-179.9,-178.3,208
2026-01-12 16:54:05,00.05,083,-00.04,-00.00,00.03,23.12,32.29,1003.61,-179.9,-178.2,208
2026-01-12 16:54:05,00.04,095,-00.03,00.00,00.02,23.12,32.28,1003.64,-179.9,-178.2,209
2026-01-12 16:54:05,00.04,092,-00.03,00.00,00.02,23.11,32.24,1003.62,-180.0,-178.3,209
2026-01-12 16:54:05,00.06,075,-00.04,-00.01,00.03,23.12,32.24,1003.62,-180.0,-178.3,206
2026-01-12 16:54:06,00.06,070,-00.05,-00.02,00.03,23.12,32.26,1003.62,-179.9,-178.2,207
2026-01-12 16:54:06,00.04,065,-00.03,-00.01,00.03,23.12,32.30,1003.62,-180.0,-178.3,207
2026-01-12 16:54:06,00.06,086,-00.06,-00.00,00.02,23.11,32.27,1003.64,-179.9,-178.2,207
2026-01-12 16:54:06,00.07,089,-00.06,-00.00,00.03,23.15,32.28,1003.62,-180.0,-178.3,208
2026-01-12 16:54:06,00.06,102,-00.04,00.01,00.03,23.17,32.26,1003.61,-179.9,-178.3,209
2026-01-12 16:54:07,00.05,089,-00.04,-00.00,00.03,23.17,32.26,1003.64,-179.9,-178.3,208
2026-01-12 16:54:07,00.06,097,-00.05,00.01,00.03,23.17,32.28,1003.60,-180.0,-178.2,211
2026-01-12 16:54:07,00.04,083,-00.03,-00.00,00.03,23.19,32.21,1003.62,-179.9,-178.2,207
2026-01-12 16:54:07,00.03,112,-00.01,00.01,00.02,23.21,32.24,1003.65,-180.0,-178.2,208
2026-01-12 16:54:07,00.05,080,-00.04,-00.01,00.03,23.22,32.28,1003.66,-179.9,-178.2,207
2026-01-12 16:54:08,00.06,078,-00.05,-00.01,00.04,23.21,32.28,1003.61,-180.0,-178.3,208
2026-01-12 16:54:08,00.08,085,-00.07,-00.01,00.03,23.21,32.23,1003.64,-179.9,-178.3,210
2026-01-12 16:54:08,00.08,080,-00.07,-00.01,00.04,23.24,32.26,1003.61,-179.9,-178.3,209
2026-01-12 16:54:08,00.05,068,-00.03,-00.01,00.04,23.24,32.21,1003.64,-179.9,-178.2,209
2026-01-12 16:54:08,00.02,010,-00.00,-00.02,00.01,23.23,32.23,1003.64,-179.9,-178.2,207
2026-01-12 16:54:09,00.03,019,-00.01,-00.02,00.01,23.22,32.22,1003.61,-179.9,-178.3,206
2026-01-12 16:54:09,00.04,087,-00.04,-00.00,00.01,23.21,32.26,1003.65,-179.9,-178.2,206
2026-01-12 16:54:09,00.06,085,-00.05,-00.00,00.02,23.21,32.23,1003.64,-179.9,-178.3,208
2026-01-12 16:54:09,00.05,087,-00.05,-00.00,00.03,23.21,32.27,1003.64,-180.0,-178.3,207
2026-01-12 16:54:09,00.06,056,-00.03,-00.02,00.04,23.17,32.24,1003.62,-180.0,-178.2,208
2026-01-12 16:54:10,00.05,058,-00.03,-00.02,00.04,23.15,32.26,1003.65,-179.9,-178.2,210
2026-01-12 16:54:10,00.04,055,-00.02,-00.02,00.03,23.16,32.27,1003.65,-180.0,-178.2,205
2026-01-12 16:54:10,00.06,079,-00.05,-00.01,00.03,23.17,32.26,1003.64,-180.0,-178.2,207
2026-01-12 16:54:10,00.05,067,-00.04,-00.02,00.03,23.17,32.26,1003.62,-180.0,-178.3,209
2026-01-12 16:54:10,00.04,068,-00.02,-00.01,00.03,23.16,32.24,1003.64,-180.0,-178.2,208
2026-01-12 16:54:11,00.05,057,-00.04,-00.02,00.03,23.17,32.26,1003.64,-179.9,-178.3,209
2026-01-12 16:54:11,00.05,048,-00.03,-00.03,00.01,23.18,32.24,1003.63,-180.0,-178.3,205
2026-01-12 16:54:11,00.04,067,-00.04,-00.02,00.02,23.19,32.24,1003.66,-179.9,-178.2,207
2026-01-12 16:54:11,00.06,061,-00.05,-00.03,00.02,23.17,32.23,1003.61,-179.9,-178.2,207
2026-01-12 16:54:11,00.05,080,-00.04,-00.01,00.03,23.16,32.23,1003.65,-179.9,-178.3,211
2026-01-12 16:54:12,00.05,082,-00.04,-00.01,00.02,23.16,32.24,1003.62,-179.9,-178.2,212
2026-01-12 16:54:12,00.03,086,-00.03,-00.00,00.02,23.17,32.20,1003.65,-179.9,-178.3,209
2026-01-12 16:54:12,00.03,079,-00.02,-00.00,00.02,23.16,32.27,1003.65,-180.0,-178.3,209
2026-01-12 16:54:12,00.04,092,-00.03,00.00,00.02,23.16,32.24,1003.66,-179.9,-178.3,208
2026-01-12 16:54:12,00.04,079,-00.02,-00.00,00.03,23.15,32.24,1003.63,-180.0,-178.2,208
2026-01-12 16:54:13,00.07,051,-00.04,-00.04,00.04,23.15,32.24,1003.65,-179.9,-178.3,206
2026-01-12 16:54:13,00.05,068,-00.04,-00.01,00.03,23.15,32.28,1003.64,-180.0,-178.2,209
2026-01-12 16:54:13,00.03,097,-00.03,00.00,00.01,23.15,32.21,1003.63,-179.9,-178.2,207
2026-01-12 16:54:13,00.05,088,-00.04,-00.00,00.02,23.15,32.26,1003.65,-179.9,-178.3,206
2026-01-12 16:54:13,00.05,096,-00.04,00.00,00.03,23.12,32.24,1003.60,-179.9,-178.3,206
2026-01-12 16:54:14,00.06,130,-00.04,00.03,00.03,23.16,32.23,1003.65,-179.9,-178.2,205
2026-01-12 16:54:14,00.04,107,-00.04,00.01,00.01,23.16,32.20,1003.65,-180.0,-178.3,209
2026-01-12 16:54:14,00.05,113,-00.03,00.01,00.03,23.16,32.26,1003.63,-179.9,-178.2,209
2026-01-12 16:54:14,00.06,084,-00.05,-00.01,00.04,23.16,32.24,1003.63,-179.9,-178.3,211
2026-01-12 16:54:14,00.06,101,-00.05,00.01,00.04,23.16,32.26,1003.63,-179.9,-178.2,209
2026-01-12 16:54:15,00.05,092,-00.03,00.00,00.04,23.16,32.24,1003.61,-179.9,-178.2,207
2026-01-12 16:54:15,00.04,083,-00.03,-00.00,00.02,23.15,32.24,1003.65,-179.9,-178.3,209
2026-01-12 16:54:15,00.05,086,-00.04,-00.00,00.03,23.17,32.24,1003.63,-179.9,-178.2,208
2026-01-12 16:54:15,00.05,076,-00.03,-00.01,00.03,23.17,32.23,1003.69,-180.0,-178.2,206
2026-01-12 16:54:15,00.04,078,-00.03,-00.01,00.02,23.18,32.27,1003.62,-180.0,-178.3,210
2026-01-12 16:54:16,00.06,088,-00.05,-00.00,00.01,23.18,32.27,1003.64,-179.9,-178.2,210
2026-01-12 16:54:16,00.08,100,-00.07,00.01,00.02,23.17,32.30,1003.65,-180.0,-178.2,209
2026-01-12 16:54:16,00.06,084,-00.05,-00.01,00.02,23.19,32.23,1003.64,-179.9,-178.2,209
2026-01-12 16:54:16,00.05,103,-00.03,00.01,00.04,23.20,32.23,1003.65,-179.9,-178.2,208
2026-01-12 16:54:16,00.04,102,-00.03,00.01,00.03,23.18,32.26,1003.64,-179.9,-178.2,210
2026-01-12 16:54:17,00.04,083,-00.03,-00.00,00.03,23.16,32.30,1003.63,-179.9,-178.2,209
2026-01-12 16:54:17,00.07,086,-00.05,-00.00,00.04,23.17,32.24,1003.67,-179.9,-178.2,208
2026-01-12 16:54:17,00.09,083,-00.07,-00.01,00.04,23.16,32.28,1003.62,-179.9,-178.3,205
2026-01-12 16:54:17,00.08,082,-00.07,-00.01,00.04,23.15,32.21,1003.67,-179.9,-178.2,210
2026-01-12 16:54:17,00.06,098,-00.03,00.00,00.05,23.17,32.21,1003.65,-179.9,-178.2,205
2026-01-12 16:54:18,00.04,068,-00.02,-00.01,00.04,23.15,32.26,1003.65,-179.9,-178.3,209
2026-01-12 16:54:18,00.05,056,-00.03,-00.02,00.03,23.15,32.26,1003.65,-180.0,-178.2,209
2026-01-12 16:54:18,00.06,077,-00.05,-00.01,00.04,23.16,32.27,1003.64,-180.0,-178.3,206
2026-01-12 16:54:18,00.06,093,-00.05,00.00,00.03,23.18,32.23,1003.65,-180.0,-178.2,209
2026-01-12 16:54:18,00.05,113,-00.04,00.02,00.03,23.16,32.26,1003.68,-179.9,-178.2,204
2026-01-12 16:54:19,00.04,071,-00.02,-00.01,00.04,23.16,32.24,1003.65,-179.9,-178.2,207
2026-01-12 16:54:19,00.05,060,-00.03,-00.02,00.04,23.16,32.26,1003.64,-179.9,-178.2,205
2026-01-12 16:54:19,00.05,082,-00.04,-00.01,00.02,23.17,32.26,1003.68,-180.0,-178.3,208
2026-01-12 16:54:19,00.05,097,-00.04,00.01,00.03,23.16,32.26,1003.65,-179.9,-178.2,209
2026-01-12 16:54:19,00.07,081,-00.06,-00.01,00.03,23.17,32.30,1003.66,-179.9,-178.3,206
2026-01-12 16:54:20,00.05,081,-00.05,-00.01,00.03,23.16,32.23,1003.67,-179.9,-178.3,208
2026-01-12 16:54:20,00.05,068,-00.04,-00.01,00.03,23.18,32.24,1003.65,-179.9,-178.3,210
2026-01-12 16:54:20,00.04,050,-00.03,-00.02,00.02,23.15,32.27,1003.65,-179.9,-178.2,209
2026-01-12 16:54:20,00.04,061,-00.03,-00.02,00.02,23.13,32.23,1003.66,-180.0,-178.2,209
2026-01-12 16:54:20,00.05,082,-00.05,-00.01,00.02,23.14,32.23,1003.64,-179.9,-178.3,208
2026-01-12 16:54:21,00.06,077,-00.05,-00.01,00.02,23.14,32.26,1003.63,-179.9,-178.2,208
2026-01-12 16:54:21,00.05,102,-00.03,00.01,00.03,23.14,32.23,1003.63,-179.9,-178.3,209
2026-01-12 16:54:21,00.05,103,-00.04,00.01,00.03,23.11,32.24,1003.66,-179.9,-178.2,207
2026-01-12 16:54:21,00.05,071,-00.04,-00.01,00.03,23.10,32.27,1003.65,-179.9,-178.2,207
2026-01-12 16:54:21,00.06,084,-00.05,-00.01,00.03,23.08,32.21,1003.65,-179.9,-178.2,209
2026-01-12 16:54:22,00.05,110,-00.04,00.01,00.03,23.09,32.21,1003.67,-179.9,-178.2,209
2026-01-12 16:54:22,00.05,096,-00.04,00.00,00.02,23.08,32.23,1003.66,-179.9,-178.2,207
2026-01-12 16:54:22,00.04,082,-00.03,-00.00,00.03,23.10,32.21,1003.67,-179.9,-178.2,210
2026-01-12 16:54:22,00.05,065,-00.04,-00.02,00.03,23.08,32.26,1003.67,-180.0,-178.3,208
2026-01-12 16:54:22,00.04,072,-00.03,-00.01,00.02,23.08,32.28,1003.67,-179.9,-178.2,209
2026-01-12 16:54:23,00.05,096,-00.04,00.00,00.02,23.10,32.27,1003.66,-179.9,-178.2,209
2026-01-12 16:54:23,00.06,067,-00.04,-00.02,00.04,23.11,32.23,1003.66,-179.9,-178.3,208
2026-01-12 16:54:23,00.06,075,-00.05,-00.01,00.03,23.12,32.23,1003.65,-179.9,-178.2,208
2026-01-12 16:54:23,00.06,085,-00.05,-00.00,00.03,23.13,32.26,1003.65,-179.9,-178.3,209
2026-01-12 16:54:23,00.05,074,-00.04,-00.01,00.02,23.13,32.24,1003.65,-179.9,-178.2,208
2026-01-12 16:54:24,00.05,061,-00.03,-00.02,00.03,23.14,32.30,1003.66,-179.9,-178.3,211
2026-01-12 16:54:24,00.07,077,-00.05,-00.01,00.03,23.14,32.26,1003.65,-179.9,-178.3,209
2026-01-12 16:54:24,00.08,084,-00.07,-00.01,00.04,23.16,32.23,1003.69,-179.9,-178.2,208
2026-01-12 16:54:24,00.06,094,-00.05,00.00,00.04,23.16,32.27,1003.69,-179.9,-178.3,207
2026-01-12 16:54:24,00.04,092,-00.03,00.00,00.03,23.19,32.26,1003.68,-179.9,-178.2,209
2026-01-12 16:54:25,00.05,084,-00.05,-00.00,00.03,23.18,32.23,1003.65,-179.9,-178.3,208
2026-01-12 16:54:25,00.08,085,-00.07,-00.01,00.03,23.20,32.23,1003.67,-180.0,-178.3,210
2026-01-12 16:54:25,00.06,090,-00.06,00.00,00.02,23.22,32.28,1003.67,-179.9,-178.3,210
2026-01-12 16:54:25,00.05,092,-00.05,00.00,00.02,23.22,32.23,1003.68,-179.9,-178.2,208
2026-01-12 16:54:25,00.05,118,-00.03,00.02,00.03,23.23,32.26,1003.63,-179.9,-178.3,211
2026-01-12 16:54:26,00.03,083,-00.02,-00.00,00.02,23.22,32.24,1003.68,-179.9,-178.2,209
2026-01-12 16:54:26,00.04,077,-00.03,-00.01,00.02,23.21,32.28,1003.69,-180.0,-178.2,207
2026-01-12 16:54:26,00.06,061,-00.05,-00.03,00.02,23.24,32.28,1003.63,-179.9,-178.2,209
2026-01-12 16:54:26,00.07,078,-00.06,-00.01,00.03,23.23,32.27,1003.68,-180.0,-178.3,209
2026-01-12 16:54:26,00.05,095,-00.05,00.00,00.02,23.24,32.24,1003.65,-179.9,-178.2,207
2026-01-12 16:54:27,00.04,082,-00.04,-00.01,00.02,23.24,32.24,1003.69,-179.9,-178.2,208
2026-01-12 16:54:27,00.05,063,-00.04,-00.02,00.03,23.24,32.26,1003.66,-179.9,-178.3,209
2026-01-12 16:54:27,00.08,086,-00.06,-00.00,00.04,23.23,32.27,1003.65,-179.9,-178.2,206
2026-01-12 16:54:27,00.04,067,-00.03,-00.01,00.02,23.26,32.24,1003.66,-179.9,-178.3,209
2026-01-12 16:54:27,00.02,059,-00.02,-00.01,00.01,23.24,32.28,1003.67,-180.0,-178.3,207
2026-01-12 16:54:28,00.05,091,-00.05,00.00,00.01,23.23,32.28,1003.69,-179.9,-178.2,204
2026-01-12 16:54:28,00.07,095,-00.07,00.01,00.02,23.23,32.27,1003.66,-179.9,-178.2,208
2026-01-12 16:54:28,00.08,088,-00.07,-00.00,00.03,23.26,32.26,1003.69,-179.9,-178.2,207
2026-01-12 16:54:28,00.05,072,-00.05,-00.01,00.01,23.25,32.28,1003.64,-179.9,-178.2,207
2026-01-12 16:54:28,00.04,065,-00.02,-00.01,00.02,23.24,32.28,1003.66,-179.9,-178.2,208
2026-01-12 16:54:29,00.04,084,-00.02,-00.00,00.03,23.22,32.28,1003.68,-179.9,-178.3,208
2026-01-12 16:54:29,00.05,099,-00.05,00.01,00.03,23.21,32.23,1003.68,-179.9,-178.2,206
2026-01-12 16:54:29,00.07,100,-00.07,00.01,00.02,23.22,32.27,1003.66,-179.9,-178.2,207
2026-01-12 16:54:29,00.06,100,-00.06,00.01,00.03,23.22,32.29,1003.65,-179.9,-178.3,209
2026-01-12 16:54:29,00.06,082,-00.06,-00.01,00.03,23.22,32.23,1003.66,-179.9,-178.2,209
2026-01-12 16:54:30,00.05,071,-00.04,-00.01,00.03,23.23,32.23,1003.64,-179.9,-178.2,208
2026-01-12 16:54:30,00.05,092,-00.04,00.00,00.02,23.22,32.28,1003.65,-180.0,-178.2,208
2026-01-12 16:54:30,00.05,123,-00.04,00.02,00.03,23.22,32.24,1003.67,-180.0,-178.3,210
2026-01-12 16:54:30,00.05,084,-00.04,-00.00,00.03,23.23,32.30,1003.65,-180.0,-178.2,208
2026-01-12 16:54:30,00.06,075,-00.05,-00.01,00.04,23.23,32.27,1003.64,-179.9,-178.2,208
2026-01-12 16:54:31,00.06,078,-00.04,-00.01,00.04,23.22,32.26,1003.66,-179.9,-178.2,207
2026-01-12 16:54:31,00.05,081,-00.04,-00.01,00.04,23.21,32.30,1003.66,-179.9,-178.2,207
2026-01-12 16:54:31,00.05,077,-00.04,-00.01,00.02,23.21,32.27,1003.65,-179.9,-178.3,207
2026-01-12 16:54:31,00.04,078,-00.03,-00.01,00.02,23.21,32.26,1003.67,-179.9,-178.2,209
2026-01-12 16:54:31,00.04,071,-00.03,-00.01,00.03,23.21,32.31,1003.65,-179.9,-178.2,209
2026-01-12 16:54:32,00.07,099,-00.06,00.01,00.03,23.21,32.27,1003.64,-179.9,-178.2,210
2026-01-12 16:54:32,00.04,091,-00.03,00.00,00.02,23.22,32.28,1003.65,-179.9,-178.2,209
2026-01-12 16:54:32,00.06,090,-00.05,-00.00,00.04,23.21,32.31,1003.68,-179.9,-178.2,211
2026-01-12 16:54:32,00.06,095,-00.05,00.00,00.03,23.20,32.28,1003.64,-179.9,-178.2,208
2026-01-12 16:54:32,00.05,105,-00.04,00.01,00.03,23.21,32.30,1003.65,-179.9,-178.3,209
2026-01-12 16:54:33,00.04,128,-00.03,00.02,00.03,23.22,32.28,1003.63,-179.9,-178.2,208
2026-01-12 16:54:33,00.05,109,-00.04,00.01,00.03,23.21,32.28,1003.66,-179.9,-178.2,206
2026-01-12 16:54:33,00.06,105,-00.05,00.01,00.04,23.20,32.24,1003.64,-179.9,-178.2,210
2026-01-12 16:54:33,00.05,107,-00.04,00.01,00.02,23.21,32.31,1003.67,-179.9,-178.3,208
2026-01-12 16:54:33,00.06,091,-00.04,00.00,00.04,23.20,32.24,1003.64,-179.9,-178.2,209
2026-01-12 16:54:34,00.04,089,-00.04,-00.00,00.02,23.21,32.26,1003.64,-179.9,-178.2,209
2026-01-12 16:54:34,00.04,107,-00.03,00.01,00.02,23.20,32.24,1003.64,-179.9,-178.2,211
2026-01-12 16:54:34,00.05,100,-00.04,00.01,00.04,23.19,32.31,1003.67,-179.9,-178.2,210
2026-01-12 16:54:34,00.04,081,-00.03,-00.00,00.02,23.20,32.28,1003.63,-179.9,-178.3,208
2026-01-12 16:54:34,00.05,079,-00.05,-00.01,00.02,23.20,32.24,1003.63,-179.9,-178.3,207
2026-01-12 16:54:35,00.04,091,-00.03,00.00,00.02,23.20,32.30,1003.66,-179.9,-178.2,209
2026-01-12 16:54:35,00.05,081,-00.04,-00.01,00.03,23.20,32.28,1003.65,-179.9,-178.2,207
2026-01-12 16:54:35,00.04,092,-00.03,00.00,00.02,23.19,32.28,1003.64,-179.9,-178.2,208
2026-01-12 16:54:35,00.03,108,-00.02,00.01,00.02,23.19,32.26,1003.64,-179.9,-178.2,208
2026-01-12 16:54:35,00.05,106,-00.04,00.01,00.02,23.18,32.31,1003.64,-179.9,-178.3,208
2026-01-12 16:54:36,00.06,089,-00.05,-00.00,00.03,23.18,32.26,1003.61,-179.9,-178.2,208
2026-01-12 16:54:36,00.05,067,-00.03,-00.01,00.03,23.18,32.31,1003.68,-179.9,-178.2,206
2026-01-12 16:54:36,00.05,073,-00.04,-00.01,00.04,23.17,32.24,1003.64,-179.9,-178.3,211
2026-01-12 16:54:36,00.06,104,-00.04,00.01,00.03,23.17,32.32,1003.63,-179.9,-178.2,210
2026-01-12 16:54:36,00.04,111,-00.03,00.01,00.03,23.18,32.30,1003.65,-179.9,-178.3,208
2026-01-12 16:54:37,00.06,087,-00.04,-00.00,00.04,23.18,32.28,1003.63,-179.9,-178.2,208
2026-01-12 16:54:37,00.04,087,-00.03,-00.00,00.03,23.19,32.32,1003.63,-179.9,-178.3,207
2026-01-12 16:54:37,00.04,091,-00.03,00.00,00.03,23.18,32.26,1003.62,-179.9,-178.3,207
2026-01-12 16:54:37,00.05,098,-00.04,00.01,00.03,23.17,32.31,1003.60,-179.9,-178.2,210
2026-01-12 16:54:37,00.06,085,-00.05,-00.00,00.03,23.18,32.26,1003.63,-179.9,-178.2,207
2026-01-12 16:54:38,00.05,118,-00.04,00.02,00.03,23.19,32.28,1003.64,-179.9,-178.3,211
2026-01-12 16:54:38,00.06,121,-00.05,00.03,00.03,23.18,32.28,1003.65,-179.9,-178.2,207
2026-01-12 16:54:38,00.05,095,-00.04,00.00,00.03,23.17,32.24,1003.64,-180.0,-178.3,208
2026-01-12 16:54:38,00.03,080,-00.02,-00.00,00.02,23.19,32.30,1003.66,-179.9,-178.3,207
2026-01-12 16:54:38,00.05,089,-00.04,-00.00,00.03,23.18,32.28,1003.65,-180.0,-178.3,210
2026-01-12 16:54:39,00.05,089,-00.05,-00.00,00.02,23.19,32.29,1003.64,-179.9,-178.2,210
2026-01-12 16:54:39,00.05,078,-00.04,-00.01,00.03,23.18,32.30,1003.61,-179.9,-178.3,208
2026-01-12 16:54:39,00.07,099,-00.06,00.01,00.03,23.17,32.26,1003.62,-179.9,-178.2,205
2026-01-12 16:54:39,00.05,086,-00.03,-00.00,00.04,23.18,32.27,1003.65,-179.9,-178.2,208
2026-01-12 16:54:39,00.04,117,-00.03,00.01,00.02,23.20,32.31,1003.63,-180.0,-178.2,206
2026-01-12 16:54:40,00.05,102,-00.04,00.01,00.04,23.17,32.28,1003.63,-180.0,-178.2,209
2026-01-12 16:54:40,00.06,104,-00.04,00.01,00.04,23.15,32.32,1003.64,-180.0,-178.2,206
2026-01-12 16:54:40,00.04,083,-00.03,-00.00,00.02,23.16,32.32,1003.63,-179.9,-178.3,207
2026-01-12 16:54:40,00.06,091,-00.05,00.00,00.03,23.16,32.28,1003.65,-179.9,-178.2,209
2026-01-12 16:54:40,00.04,093,-00.03,00.00,00.02,23.17,32.31,1003.65,-180.0,-178.2,208
2026-01-12 16:54:41,00.07,101,-00.05,00.01,00.04,23.15,32.28,1003.62,-180.0,-178.3,207
2026-01-12 16:54:41,00.06,097,-00.04,00.01,00.04,23.13,32.31,1003.63,-180.0,-178.3,208
2026-01-12 16:54:41,00.05,037,-00.02,-00.03,00.03,23.14,32.30,1003.65,-179.9,-178.2,209
2026-01-12 16:54:41,00.05,058,-00.03,-00.02,00.04,23.15,32.27,1003.64,-179.9,-178.3,210
2026-01-12 16:54:41,00.05,109,-00.03,00.01,00.04,23.13,32.28,1003.69,-179.9,-178.2,207
2026-01-12 16:54:42,00.04,109,-00.02,00.01,00.03,23.12,32.31,1003.67,-179.9,-178.2,209
2026-01-12 16:54:42,00.06,090,-00.03,00.00,00.05,23.12,32.34,1003.62,-179.9,-178.2,208
2026-01-12 16:54:42,00.05,083,-00.03,-00.00,00.04,23.12,32.32,1003.66,-180.0,-178.3,210
2026-01-12 16:54:42,00.04,078,-00.03,-00.01,00.03,23.13,32.26,1003.66,-179.9,-178.3,210
2026-01-12 16:54:42,00.06,088,-00.05,-00.00,00.04,23.12,32.26,1003.66,-179.9,-178.3,209
2026-01-12 16:54:43,00.04,125,-00.02,00.02,00.02,23.12,32.28,1003.65,-179.9,-178.2,206
2026-01-12 16:54:43,00.03,102,-00.02,00.00,00.02,23.11,32.32,1003.64,-179.9,-178.2,208
2026-01-12 16:54:43,00.04,113,-00.03,00.01,00.03,23.11,32.24,1003.64,-179.9,-178.2,207
2026-01-12 16:54:43,00.03,074,-00.02,-00.01,00.02,23.13,32.31,1003.62,-179.9,-178.2,205
2026-01-12 16:54:43,00.01,063,-00.01,-00.00,00.01,23.13,32.30,1003.65,-179.9,-178.2,208
2026-01-12 16:54:44,00.04,070,-00.02,-00.01,00.04,23.12,32.34,1003.65,-179.9,-178.2,207
2026-01-12 16:54:44,00.06,061,-00.04,-00.02,00.03,23.13,32.30,1003.62,-179.9,-178.2,210
2026-01-12 16:54:44,00.07,110,-00.05,00.02,00.04,23.11,32.30,1003.61,-179.9,-178.2,205
2026-01-12 16:54:44,00.06,079,-00.05,-00.01,00.04,23.11,32.28,1003.58,-179.9,-178.3,206
2026-01-12 16:54:44,00.07,073,-00.04,-00.01,00.05,23.11,32.35,1003.66,-179.9,-178.2,208
2026-01-12 16:54:45,00.05,101,-00.04,00.01,00.04,23.13,32.30,1003.64,-179.9,-178.3,211
2026-01-12 16:54:45,00.05,079,-00.04,-00.01,00.03,23.12,32.26,1003.64,-179.9,-178.3,207
2026-01-12 16:54:45,00.04,061,-00.02,-00.01,00.03,23.13,32.30,1003.62,-179.9,-178.2,208
2026-01-12 16:54:45,00.03,103,-00.02,00.00,00.02,23.14,32.30,1003.62,-180.0,-178.2,210
2026-01-12 16:54:45,00.06,101,-00.03,00.01,00.04,23.13,32.28,1003.62,-179.9,-178.2,211
2026-01-12 16:54:46,00.06,119,-00.04,00.02,00.05,23.13,32.31,1003.68,-179.9,-178.2,208
2026-01-12 16:54:46,00.05,098,-00.03,00.00,00.04,23.13,32.32,1003.66,-180.0,-178.2,209
2026-01-12 16:54:46,00.04,064,-00.03,-00.01,00.02,23.14,32.31,1003.65,-179.9,-178.2,209
2026-01-12 16:54:46,00.05,063,-00.03,-00.02,00.03,23.14,32.31,1003.64,-179.9,-178.2,207
2026-01-12 16:54:46,00.05,100,-00.03,00.01,00.04,23.13,32.34,1003.66,-179.9,-178.2,208
2026-01-12 16:54:47,00.04,104,-00.03,00.01,00.02,23.13,32.34,1003.59,-179.9,-178.2,209
2026-01-12 16:54:47,00.03,088,-00.02,-00.00,00.02,23.14,32.30,1003.64,-179.9,-178.2,207
2026-01-12 16:54:47,00.04,083,-00.03,-00.00,00.03,23.12,32.37,1003.66,-179.9,-178.2,211
2026-01-12 16:54:47,00.04,107,-00.02,00.01,00.02,23.13,32.27,1003.63,-179.9,-178.2,208
2026-01-12 16:54:47,00.04,082,-00.03,-00.00,00.03,23.12,32.32,1003.67,-179.9,-178.2,208
2026-01-12 16:54:48,00.06,095,-00.04,00.00,00.04,23.13,32.34,1003.65,-179.9,-178.2,206
2026-01-12 16:54:48,00.03,072,-00.02,-00.01,00.03,23.13,32.28,1003.66,-179.9,-178.2,210
2026-01-12 16:54:48,00.04,041,-00.02,-00.02,00.03,23.14,32.34,1003.65,-179.9,-178.2,208
2026-01-12 16:54:48,00.04,096,-00.03,00.00,00.02,23.13,32.34,1003.63,-179.9,-178.2,208
2026-01-12 16:54:48,00.05,049,-00.02,-00.02,00.04,23.12,32.31,1003.63,-179.9,-178.3,207
2026-01-12 16:54:49,00.05,080,-00.03,-00.01,00.04,23.12,32.28,1003.67,-179.9,-178.2,209
2026-01-12 16:54:49,00.04,065,-00.02,-00.01,00.03,23.13,32.26,1003.64,-179.9,-178.2,210
2026-01-12 16:54:49,00.04,046,-00.02,-00.02,00.03,23.12,32.33,1003.64,-180.0,-178.2,209
2026-01-12 16:54:49,00.03,092,-00.02,00.00,00.03,23.11,32.34,1003.64,-179.9,-178.3,207
2026-01-12 16:54:49,00.03,117,-00.02,00.01,00.02,23.13,32.30,1003.66,-179.9,-178.2,205
2026-01-12 16:54:50,00.03,069,-00.02,-00.01,00.02,23.11,32.31,1003.61,-179.9,-178.2,210
2026-01-12 16:54:50,00.03,101,-00.01,00.00,00.03,23.10,32.32,1003.64,-179.9,-178.2,209
2026-01-12 16:54:50,00.03,057,-00.01,-00.01,00.03,23.12,32.31,1003.63,-179.9,-178.2,208
2026-01-12 16:54:50,00.03,065,-00.01,-00.01,00.03,23.11,32.27,1003.64,-179.9,-178.2,207
2026-01-12 16:54:50,00.05,086,-00.03,-00.00,00.03,23.09,32.32,1003.64,-179.9,-178.3,208
2026-01-12 16:54:51,00.04,063,-00.03,-00.02,00.02,23.09,32.28,1003.63,-179.9,-178.3,207
2026-01-12 16:54:51,00.06,072,-00.05,-00.02,00.03,23.09,32.34,1003.62,-180.0,-178.2,208
2026-01-12 16:54:51,00.05,077,-00.04,-00.01,00.03,23.09,32.26,1003.64,-179.9,-178.2,208
2026-01-12 16:54:51,00.04,114,-00.02,00.01,00.03,23.09,32.28,1003.68,-179.9,-178.2,208
2026-01-12 16:54:51,00.04,033,-00.01,-00.02,00.03,23.11,32.28,1003.65,-179.9,-178.3,207
2026-01-12 16:54:52,00.04,063,-00.03,-00.02,00.02,23.11,32.33,1003.64,-179.9,-178.3,208
2026-01-12 16:54:52,00.04,064,-00.02,-00.01,00.03,23.10,32.34,1003.61,-179.9,-178.2,208
2026-01-12 16:54:52,00.03,068,-00.02,-00.01,00.03,23.11,32.31,1003.62,-179.9,-178.2,211
2026-01-12 16:54:52,00.04,081,-00.03,-00.01,00.02,23.10,32.27,1003.66,-179.9,-178.2,209
2026-01-12 16:54:52,00.04,089,-00.03,-00.00,00.03,23.11,32.27,1003.66,-180.0,-178.3,208
2026-01-12 16:54:53,00.03,101,-00.02,00.00,00.02,23.12,32.28,1003.62,-179.9,-178.2,206
2026-01-12 16:54:53,00.05,085,-00.04,-00.00,00.03,23.12,32.27,1003.66,-179.9,-178.3,207
2026-01-12 16:54:53,00.05,122,-00.02,00.01,00.04,23.10,32.31,1003.62,-179.9,-178.3,209
2026-01-12 16:54:53,00.03,045,-00.01,-00.01,00.02,23.12,32.28,1003.60,-179.9,-178.2,209
2026-01-12 16:54:53,00.03,079,-00.02,-00.00,00.02,23.12,32.31,1003.64,-179.9,-178.3,206
2026-01-12 16:54:54,00.05,079,-00.03,-00.01,00.03,23.12,32.31,1003.65,-179.9,-178.2,209
2026-01-12 16:54:54,00.05,096,-00.04,00.00,00.03,23.13,32.26,1003.64,-179.9,-178.3,206
2026-01-12 16:54:54,00.05,099,-00.03,00.00,00.04,23.13,32.27,1003.61,-179.9,-178.3,205
2026-01-12 16:54:54,00.04,093,-00.03,00.00,00.04,23.13,32.26,1003.66,-180.0,-178.2,209
2026-01-12 16:54:54,00.06,093,-00.04,00.00,00.04,23.12,32.27,1003.61,-179.9,-178.3,209
2026-01-12 16:54:55,00.06,109,-00.04,00.02,00.03,23.13,32.26,1003.61,-179.9,-178.2,206
2026-01-12 16:54:55,00.05,120,-00.03,00.02,00.03,23.13,32.30,1003.64,-179.9,-178.2,207
2026-01-12 16:54:55,00.04,096,-00.03,00.00,00.03,23.13,32.27,1003.63,-179.9,-178.3,208
2026-01-12 16:54:55,00.06,077,-00.03,-00.01,00.05,23.11,32.30,1003.63,-179.9,-178.3,206
2026-01-12 16:54:55,00.04,064,-00.02,-00.01,00.03,23.12,32.28,1003.62,-179.9,-178.3,205
2026-01-12 16:54:56,00.03,074,-00.01,-00.00,00.03,23.11,32.26,1003.62,-179.9,-178.2,208
2026-01-12 16:54:56,00.03,086,-00.01,-00.00,00.03,23.10,32.24,1003.64,-179.9,-178.2,206
2026-01-12 16:54:56,00.04,144,-00.02,00.03,00.03,23.08,32.26,1003.61,-179.9,-178.3,208
2026-01-12 16:54:56,00.05,130,-00.03,00.03,00.03,23.08,32.28,1003.59,-179.9,-178.2,209
2026-01-12 16:54:56,00.05,104,-00.03,00.01,00.04,23.06,32.23,1003.62,-179.9,-178.2,207
2026-01-12 16:54:57,00.05,126,-00.02,00.01,00.05,23.03,32.28,1003.63,-179.9,-178.2,209
2026-01-12 16:54:57,00.04,161,-00.01,00.02,00.04,23.02,32.27,1003.60,-179.9,-178.3,207
2026-01-12 16:54:57,00.04,105,-00.02,00.01,00.04,23.00,32.28,1003.62,-179.9,-178.2,208
2026-01-12 16:54:57,00.03,101,-00.01,00.00,00.03,23.00,32.27,1003.59,-179.9,-178.3,206
2026-01-12 16:54:57,00.03,155,-00.00,00.01,00.03,23.00,32.26,1003.64,-179.9,-178.2,207
2026-01-12 16:54:58,00.04,144,-00.01,00.02,00.03,23.00,32.24,1003.62,-179.9,-178.3,209
2026-01-12 16:54:58,00.04,125,-00.02,00.01,00.04,22.99,32.27,1003.58,-180.0,-178.2,206
2026-01-12 16:54:58,00.06,096,-00.04,00.00,00.04,23.00,32.30,1003.62,-179.9,-178.2,207
2026-01-12 16:54:58,00.06,099,-00.05,00.01,00.04,23.01,32.24,1003.59,-179.9,-178.3,208
2026-01-12 16:54:58,00.04,096,-00.03,00.00,00.03,23.02,32.26,1003.65,-179.9,-178.2,208
2026-01-12 16:54:59,00.05,070,-00.04,-00.01,00.03,23.03,32.27,1003.59,-180.0,-178.2,208
2026-01-12 16:54:59,00.04,065,-00.03,-00.01,00.03,23.04,32.21,1003.63,-179.9,-178.2,209
2026-01-12 16:54:59,00.04,080,-00.03,-00.01,00.03,23.05,32.24,1003.62,-180.0,-178.2,208
2026-01-12 16:54:59,00.03,105,-00.02,00.01,00.02,23.06,32.27,1003.60,-179.9,-178.3,209
2026-01-12 16:54:59,00.05,148,-00.02,00.03,00.03,23.07,32.23,1003.64,-180.0,-178.3,206
2026-01-12 16:55:00,00.05,126,-00.03,00.02,00.02,23.06,32.21,1003.61,-179.9,-178.2,208
2026-01-12 16:55:00,00.06,142,-00.02,00.03,00.04,23.06,32.21,1003.61,-179.9,-178.2,207
2026-01-12 16:55:00,00.05,155,-00.02,00.03,00.04,23.08,32.20,1003.62,-180.0,-178.2,206
2026-01-12 16:55:00,00.06,124,-00.02,00.01,00.05,23.08,32.24,1003.61,-180.0,-178.3,205
2026-01-12 16:55:00,00.05,113,-00.03,00.01,00.04,23.09,32.23,1003.62,-179.9,-178.3,211
2026-01-12 16:55:01,00.06,122,-00.04,00.02,00.03,23.08,32.21,1003.63,-179.9,-178.3,207
2026-01-12 16:55:01,00.05,122,-00.03,00.02,00.04,23.06,32.24,1003.62,-179.9,-178.3,209
2026-01-12 16:55:01,00.05,088,-00.03,-00.00,00.04,23.09,32.21,1003.61,-179.9,-178.3,207
2026-01-12 16:55:01,00.05,093,-00.04,00.00,00.03,23.09,32.19,1003.60,-179.9,-178.3,209
2026-01-12 16:55:01,00.06,100,-00.05,00.01,00.03,23.08,32.26,1003.61,-180.0,-178.2,205
2026-01-12 16:55:02,00.05,077,-00.03,-00.01,00.04,23.07,32.21,1003.61,-179.9,-178.3,211
2026-01-12 16:55:02,00.04,075,-00.02,-00.00,00.04,23.09,32.21,1003.63,-179.9,-178.3,210
2026-01-12 16:55:02,00.07,105,-00.04,00.01,00.05,23.10,32.20,1003.62,-179.9,-178.3,208
2026-01-12 16:55:02,00.04,066,-00.03,-00.01,00.03,23.09,32.19,1003.60,-179.9,-178.3,206
2026-01-12 16:55:02,00.06,043,-00.03,-00.03,00.03,23.11,32.23,1003.63,-180.0,-178.2,209
2026-01-12 16:55:03,00.05,086,-00.03,-00.00,00.03,23.09,32.23,1003.60,-179.9,-178.2,208
2026-01-12 16:55:03,00.05,099,-00.03,00.01,00.03,23.09,32.20,1003.58,-179.9,-178.3,209
2026-01-12 16:55:03,00.05,112,-00.03,00.01,00.03,23.10,32.23,1003.59,-179.9,-178.3,208
2026-01-12 16:55:03,00.05,100,-00.03,00.01,00.04,23.11,32.20,1003.61,-179.9,-178.2,207
2026-01-12 16:55:03,00.04,092,-00.03,00.00,00.03,23.10,32.14,1003.59,-180.0,-178.3,207
2026-01-12 16:55:04,00.05,098,-00.02,00.00,00.04,23.10,32.24,1003.60,-180.0,-178.2,209
2026-01-12 16:55:04,00.06,081,-00.04,-00.01,00.04,23.09,32.17,1003.60,-179.9,-178.2,209
2026-01-12 16:55:04,00.05,098,-00.04,00.01,00.03,23.10,32.17,1003.60,-179.9,-178.2,210
2026-01-12 16:55:04,00.06,089,-00.04,-00.00,00.04,23.09,32.23,1003.60,-179.9,-178.2,208
2026-01-12 16:55:04,00.05,104,-00.04,00.01,00.03,23.09,32.24,1003.59,-180.0,-178.2,205
2026-01-12 16:55:05,00.06,092,-00.04,00.00,00.04,23.07,32.20,1003.62,-179.9,-178.2,208
2026-01-12 16:55:05,00.04,086,-00.02,-00.00,00.03,23.07,32.21,1003.60,-180.0,-178.2,206
2026-01-12 16:55:05,00.03,122,-00.01,00.01,00.03,23.10,32.21,1003.61,-179.9,-178.3,209
2026-01-12 16:55:05,00.04,118,-00.01,00.01,00.04,23.09,32.17,1003.61,-179.9,-178.3,207
2026-01-12 16:55:05,00.05,108,-00.03,00.01,00.04,23.08,32.21,1003.61,-179.9,-178.2,208
2026-01-12 16:55:06,00.04,062,-00.02,-00.01,00.04,23.09,32.21,1003.61,-180.0,-178.2,208
2026-01-12 16:55:06,00.04,039,-00.02,-00.02,00.03,23.10,32.21,1003.63,-179.9,-178.2,208
2026-01-12 16:55:06,00.03,033,-00.01,-00.02,00.03,23.10,32.14,1003.65,-180.0,-178.2,206
2026-01-12 16:55:06,00.03,050,-00.01,-00.01,00.02,23.10,32.21,1003.64,-179.9,-178.2,210
2026-01-12 16:55:06,00.03,105,-00.02,00.00,00.03,23.10,32.19,1003.65,-179.9,-178.3,207
2026-01-12 16:55:07,00.04,073,-00.02,-00.01,00.03,23.08,32.21,1003.58,-179.9,-178.3,208
2026-01-12 16:55:07,00.05,093,-00.02,00.00,00.04,23.11,32.18,1003.60,-179.9,-178.2,208
2026-01-12 16:55:07,00.05,067,-00.02,-00.01,00.04,23.10,32.21,1003.61,-179.9,-178.3,207
2026-01-12 16:55:07,00.03,048,-00.01,-00.01,00.03,23.10,32.19,1003.63,-179.9,-178.2,206
2026-01-12 16:55:07,00.04,077,-00.02,-00.00,00.03,23.11,32.21,1003.61,-179.9,-178.3,206
2026-01-12 16:55:08,00.03,083,-00.02,-00.00,00.02,23.12,32.26,1003.64,-179.9,-178.3,208
2026-01-12 16:55:08,00.03,073,-00.02,-00.01,00.02,23.14,32.17,1003.62,-179.9,-178.3,207
2026-01-12 16:55:08,00.03,052,-00.01,-00.01,00.03,23.11,32.24,1003.60,-179.9,-178.2,207
2026-01-12 16:55:08,00.03,025,-00.01,-00.02,00.03,23.12,32.26,1003.63,-179.9,-178.3,207
2026-01-12 16:55:08,00.05,074,-00.02,-00.01,00.04,23.13,32.21,1003.63,-179.9,-178.2,209
2026-01-12 16:55:09,00.05,126,-00.02,00.02,00.04,23.13,32.20,1003.65,-179.9,-178.2,208
